<?xml version="1.0" encoding="ISO-8859-1" ?>
<link_info>
   <banner>TI ARM Clang Linker PC v3.2.2.LTS</banner>
   <copyright>Copyright (c) 1996-2018 Texas Instruments Incorporated</copyright>
   <link_time>0x6711d5a7</link_time>
   <link_errors>0x0</link_errors>
   <output_file>C:\Users\Admin\workspace_v12\Test\PWM\Debug\PWM.out</output_file>
   <entry_point>
      <name>_c_int00_noinit_noargs</name>
      <address>0x789</address>
   </entry_point>
   <input_file_list>
      <input_file id="fl-1">
         <path>C:\Users\Admin\workspace_v12\Test\PWM\Debug\.\</path>
         <kind>object</kind>
         <file>empty.o</file>
         <name>empty.o</name>
      </input_file>
      <input_file id="fl-2">
         <path>C:\Users\Admin\workspace_v12\Test\PWM\Debug\.\</path>
         <kind>object</kind>
         <file>ti_msp_dl_config.o</file>
         <name>ti_msp_dl_config.o</name>
      </input_file>
      <input_file id="fl-3">
         <path>C:\Users\Admin\workspace_v12\Test\PWM\Debug\.\</path>
         <kind>object</kind>
         <file>startup_mspm0g350x_ticlang.o</file>
         <name>startup_mspm0g350x_ticlang.o</name>
      </input_file>
      <input_file id="fl-10">
         <path>C:\Users\Admin\workspace_v12\Test\PWM\Debug\</path>
         <kind>object</kind>
         <file>&lt;internal&gt;</file>
         <name>&lt;internal&gt;</name>
      </input_file>
      <input_file id="fl-11">
         <path>C:\ti\mspm0_sdk_2_02_00_05\source\ti\driverlib\lib\ticlang\m0p\mspm0g1x0x_g3x0x\</path>
         <kind>archive</kind>
         <file>driverlib.a</file>
         <name>dl_common.o</name>
      </input_file>
      <input_file id="fl-12">
         <path>C:\ti\mspm0_sdk_2_02_00_05\source\ti\driverlib\lib\ticlang\m0p\mspm0g1x0x_g3x0x\</path>
         <kind>archive</kind>
         <file>driverlib.a</file>
         <name>dl_timer.o</name>
      </input_file>
      <input_file id="fl-21">
         <path>C:\ti\ccs1271\ccs\tools\compiler\ti-cgt-armllvm_3.2.2.LTS\lib\armv6m-ti-none-eabi\c\</path>
         <kind>archive</kind>
         <file>libc.a</file>
         <name>boot_cortex_m.c.obj</name>
      </input_file>
      <input_file id="fl-22">
         <path>C:\ti\ccs1271\ccs\tools\compiler\ti-cgt-armllvm_3.2.2.LTS\lib\armv6m-ti-none-eabi\c\</path>
         <kind>archive</kind>
         <file>libc.a</file>
         <name>mathacl_init.c.obj</name>
      </input_file>
      <input_file id="fl-23">
         <path>C:\ti\ccs1271\ccs\tools\compiler\ti-cgt-armllvm_3.2.2.LTS\lib\armv6m-ti-none-eabi\c\</path>
         <kind>archive</kind>
         <file>libc.a</file>
         <name>autoinit.c.obj</name>
      </input_file>
      <input_file id="fl-24">
         <path>C:\ti\ccs1271\ccs\tools\compiler\ti-cgt-armllvm_3.2.2.LTS\lib\armv6m-ti-none-eabi\c\</path>
         <kind>archive</kind>
         <file>libc.a</file>
         <name>pre_init.c.obj</name>
      </input_file>
      <input_file id="fl-25">
         <path>C:\ti\ccs1271\ccs\tools\compiler\ti-cgt-armllvm_3.2.2.LTS\lib\armv6m-ti-none-eabi\c\</path>
         <kind>archive</kind>
         <file>libc.a</file>
         <name>cpy_tbl.c.obj</name>
      </input_file>
      <input_file id="fl-26">
         <path>C:\ti\ccs1271\ccs\tools\compiler\ti-cgt-armllvm_3.2.2.LTS\lib\armv6m-ti-none-eabi\c\</path>
         <kind>archive</kind>
         <file>libc.a</file>
         <name>copy_zero_init.c.obj</name>
      </input_file>
      <input_file id="fl-27">
         <path>C:\ti\ccs1271\ccs\tools\compiler\ti-cgt-armllvm_3.2.2.LTS\lib\armv6m-ti-none-eabi\c\</path>
         <kind>archive</kind>
         <file>libc.a</file>
         <name>copy_decompress_none.c.obj</name>
      </input_file>
      <input_file id="fl-28">
         <path>C:\ti\ccs1271\ccs\tools\compiler\ti-cgt-armllvm_3.2.2.LTS\lib\armv6m-ti-none-eabi\c\</path>
         <kind>archive</kind>
         <file>libc.a</file>
         <name>copy_decompress_lzss.c.obj</name>
      </input_file>
      <input_file id="fl-29">
         <path>C:\ti\ccs1271\ccs\tools\compiler\ti-cgt-armllvm_3.2.2.LTS\lib\armv6m-ti-none-eabi\c\</path>
         <kind>archive</kind>
         <file>libc.a</file>
         <name>exit.c.obj</name>
      </input_file>
      <input_file id="fl-2a">
         <path>C:\ti\ccs1271\ccs\tools\compiler\ti-cgt-armllvm_3.2.2.LTS\lib\armv6m-ti-none-eabi\c\</path>
         <kind>archive</kind>
         <file>libc.a</file>
         <name>_lock.c.obj</name>
      </input_file>
      <input_file id="fl-2b">
         <path>C:\ti\ccs1271\ccs\tools\compiler\ti-cgt-armllvm_3.2.2.LTS\lib\armv6m-ti-none-eabi\c\</path>
         <kind>archive</kind>
         <file>libc.a</file>
         <name>args_main.c.obj</name>
      </input_file>
      <input_file id="fl-91">
         <path>C:\ti\ccs1271\ccs\tools\compiler\ti-cgt-armllvm_3.2.2.LTS\lib\clang\15.0.7\lib\armv6m-ti-none-eabi\</path>
         <kind>archive</kind>
         <file>libclang_rt.builtins.a</file>
         <name>aeabi_memcpy.S.obj</name>
      </input_file>
      <input_file id="fl-92">
         <path>C:\ti\ccs1271\ccs\tools\compiler\ti-cgt-armllvm_3.2.2.LTS\lib\clang\15.0.7\lib\armv6m-ti-none-eabi\</path>
         <kind>archive</kind>
         <file>libclang_rt.builtins.a</file>
         <name>aeabi_memset.S.obj</name>
      </input_file>
      <input_file id="fl-93">
         <path>C:\ti\ccs1271\ccs\tools\compiler\ti-cgt-armllvm_3.2.2.LTS\lib\armv6m-ti-none-eabi\c\</path>
         <kind>archive</kind>
         <file>libc.a</file>
         <name>memcpy16.S.obj</name>
      </input_file>
      <input_file id="fl-94">
         <path>C:\ti\ccs1271\ccs\tools\compiler\ti-cgt-armllvm_3.2.2.LTS\lib\armv6m-ti-none-eabi\c\</path>
         <kind>archive</kind>
         <file>libc.a</file>
         <name>memset16.S.obj</name>
      </input_file>
   </input_file_list>
   <object_component_list>
      <object_component id="oc-18">
         <name>.intvecs</name>
         <load_address>0x0</load_address>
         <readonly>true</readonly>
         <run_address>0x0</run_address>
         <size>0xc0</size>
         <alignment>0x4</alignment>
         <input_file_ref idref="fl-3"/>
      </object_component>
      <object_component id="oc-63">
         <name>.text.main</name>
         <load_address>0xc0</load_address>
         <readonly>true</readonly>
         <executable>true</executable>
         <run_address>0xc0</run_address>
         <size>0x1f0</size>
         <alignment>0x4</alignment>
         <input_file_ref idref="fl-1"/>
      </object_component>
      <object_component id="oc-cb">
         <name>.text.DL_Timer_initTwoCCPWMMode</name>
         <load_address>0x2b0</load_address>
         <readonly>true</readonly>
         <executable>true</executable>
         <run_address>0x2b0</run_address>
         <size>0x110</size>
         <alignment>0x4</alignment>
         <input_file_ref idref="fl-12"/>
      </object_component>
      <object_component id="oc-ba">
         <name>.text.DL_Timer_initFourCCPWMMode</name>
         <load_address>0x3c0</load_address>
         <readonly>true</readonly>
         <executable>true</executable>
         <run_address>0x3c0</run_address>
         <size>0xec</size>
         <alignment>0x4</alignment>
         <input_file_ref idref="fl-12"/>
      </object_component>
      <object_component id="oc-a9">
         <name>.text.SYSCFG_DL_PWM_0_init</name>
         <load_address>0x4ac</load_address>
         <readonly>true</readonly>
         <executable>true</executable>
         <run_address>0x4ac</run_address>
         <size>0x80</size>
         <alignment>0x4</alignment>
         <input_file_ref idref="fl-2"/>
      </object_component>
      <object_component id="oc-bb">
         <name>.text.DL_Timer_setCaptureCompareOutCtl</name>
         <load_address>0x52c</load_address>
         <readonly>true</readonly>
         <executable>true</executable>
         <run_address>0x52c</run_address>
         <size>0x40</size>
         <alignment>0x4</alignment>
         <input_file_ref idref="fl-12"/>
      </object_component>
      <object_component id="oc-a7">
         <name>.text.SYSCFG_DL_SYSCTL_init</name>
         <load_address>0x56c</load_address>
         <readonly>true</readonly>
         <executable>true</executable>
         <run_address>0x56c</run_address>
         <size>0x40</size>
         <alignment>0x4</alignment>
         <input_file_ref idref="fl-2"/>
      </object_component>
      <object_component id="oc-c9">
         <name>.text.DL_Timer_setCaptureCompareCtl</name>
         <load_address>0x5ac</load_address>
         <readonly>true</readonly>
         <executable>true</executable>
         <run_address>0x5ac</run_address>
         <size>0x3c</size>
         <alignment>0x4</alignment>
         <input_file_ref idref="fl-12"/>
      </object_component>
      <object_component id="oc-bc">
         <name>.text.DL_Timer_setCaptCompUpdateMethod</name>
         <load_address>0x5e8</load_address>
         <readonly>true</readonly>
         <executable>true</executable>
         <run_address>0x5e8</run_address>
         <size>0x34</size>
         <alignment>0x4</alignment>
         <input_file_ref idref="fl-12"/>
      </object_component>
      <object_component id="oc-c8">
         <name>.text.DL_Timer_setCaptureCompareAction</name>
         <load_address>0x61c</load_address>
         <readonly>true</readonly>
         <executable>true</executable>
         <run_address>0x61c</run_address>
         <size>0x34</size>
         <alignment>0x4</alignment>
         <input_file_ref idref="fl-12"/>
      </object_component>
      <object_component id="oc-ca">
         <name>.text.DL_Timer_setCaptureCompareInput</name>
         <load_address>0x650</load_address>
         <readonly>true</readonly>
         <executable>true</executable>
         <run_address>0x650</run_address>
         <size>0x34</size>
         <alignment>0x2</alignment>
         <input_file_ref idref="fl-12"/>
      </object_component>
      <object_component id="oc-b9">
         <name>.text.DL_Timer_setClockConfig</name>
         <load_address>0x684</load_address>
         <readonly>true</readonly>
         <executable>true</executable>
         <run_address>0x684</run_address>
         <size>0x34</size>
         <alignment>0x4</alignment>
         <input_file_ref idref="fl-12"/>
      </object_component>
      <object_component id="oc-a5">
         <name>.text.SYSCFG_DL_initPower</name>
         <load_address>0x6b8</load_address>
         <readonly>true</readonly>
         <executable>true</executable>
         <run_address>0x6b8</run_address>
         <size>0x34</size>
         <alignment>0x4</alignment>
         <input_file_ref idref="fl-2"/>
      </object_component>
      <object_component id="oc-80">
         <name>.text.DL_Timer_setCaptureCompareValue</name>
         <load_address>0x6ec</load_address>
         <readonly>true</readonly>
         <executable>true</executable>
         <run_address>0x6ec</run_address>
         <size>0x2c</size>
         <alignment>0x4</alignment>
         <input_file_ref idref="fl-12"/>
      </object_component>
      <object_component id="oc-cc">
         <name>.text.DL_Common_updateReg</name>
         <load_address>0x718</load_address>
         <readonly>true</readonly>
         <executable>true</executable>
         <run_address>0x718</run_address>
         <size>0x28</size>
         <alignment>0x2</alignment>
         <input_file_ref idref="fl-12"/>
      </object_component>
      <object_component id="oc-a6">
         <name>.text.SYSCFG_DL_GPIO_init</name>
         <load_address>0x740</load_address>
         <readonly>true</readonly>
         <executable>true</executable>
         <run_address>0x740</run_address>
         <size>0x28</size>
         <alignment>0x4</alignment>
         <input_file_ref idref="fl-2"/>
      </object_component>
      <object_component id="oc-ce">
         <name>.text.DL_Timer_setCounterValueAfterEnable</name>
         <load_address>0x768</load_address>
         <readonly>true</readonly>
         <executable>true</executable>
         <run_address>0x768</run_address>
         <size>0x20</size>
         <alignment>0x4</alignment>
         <input_file_ref idref="fl-12"/>
      </object_component>
      <object_component id="oc-4d">
         <name>.text:_c_int00_noinit_noargs</name>
         <load_address>0x788</load_address>
         <readonly>true</readonly>
         <executable>true</executable>
         <run_address>0x788</run_address>
         <size>0x20</size>
         <alignment>0x4</alignment>
         <input_file_ref idref="fl-21"/>
      </object_component>
      <object_component id="oc-cd">
         <name>.text.DL_Timer_setLoadValue</name>
         <load_address>0x7a8</load_address>
         <readonly>true</readonly>
         <executable>true</executable>
         <run_address>0x7a8</run_address>
         <size>0x18</size>
         <alignment>0x4</alignment>
         <input_file_ref idref="fl-12"/>
      </object_component>
      <object_component id="oc-81">
         <name>.text.DL_Common_delayCycles</name>
         <load_address>0x7c0</load_address>
         <readonly>true</readonly>
         <executable>true</executable>
         <run_address>0x7c0</run_address>
         <size>0x14</size>
         <alignment>0x2</alignment>
         <input_file_ref idref="fl-11"/>
      </object_component>
      <object_component id="oc-7b">
         <name>.text.SYSCFG_DL_init</name>
         <load_address>0x7d4</load_address>
         <readonly>true</readonly>
         <executable>true</executable>
         <run_address>0x7d4</run_address>
         <size>0x14</size>
         <alignment>0x2</alignment>
         <input_file_ref idref="fl-2"/>
      </object_component>
      <object_component id="oc-2f">
         <name>.text.Reset_Handler</name>
         <load_address>0x7e8</load_address>
         <readonly>true</readonly>
         <executable>true</executable>
         <run_address>0x7e8</run_address>
         <size>0x4</size>
         <alignment>0x2</alignment>
         <input_file_ref idref="fl-3"/>
      </object_component>
      <object_component id="oc-5f">
         <name>.text._system_pre_init</name>
         <load_address>0x7ec</load_address>
         <readonly>true</readonly>
         <executable>true</executable>
         <run_address>0x7ec</run_address>
         <size>0x4</size>
         <alignment>0x2</alignment>
         <input_file_ref idref="fl-24"/>
      </object_component>
      <object_component id="oc-85">
         <name>.text:abort</name>
         <load_address>0x7f0</load_address>
         <readonly>true</readonly>
         <executable>true</executable>
         <run_address>0x7f0</run_address>
         <size>0x4</size>
         <alignment>0x2</alignment>
         <input_file_ref idref="fl-29"/>
      </object_component>
      <object_component id="oc-33">
         <name>.text.Default_Handler</name>
         <load_address>0x7f4</load_address>
         <readonly>true</readonly>
         <executable>true</executable>
         <run_address>0x7f4</run_address>
         <size>0x2</size>
         <alignment>0x2</alignment>
         <input_file_ref idref="fl-3"/>
      </object_component>
      <object_component id="oc-10f">
         <name>__TI_cinit_table</name>
         <load_address>0x0</load_address>
         <readonly>true</readonly>
         <run_address>0x0</run_address>
         <size>0x0</size>
         <alignment>0x4</alignment>
      </object_component>
      <object_component id="oc-be">
         <name>.rodata.gPWM_0Config</name>
         <load_address>0x7f8</load_address>
         <readonly>true</readonly>
         <run_address>0x7f8</run_address>
         <size>0x8</size>
         <alignment>0x4</alignment>
         <input_file_ref idref="fl-2"/>
      </object_component>
      <object_component id="oc-bd">
         <name>.rodata.gPWM_0ClockConfig</name>
         <load_address>0x800</load_address>
         <readonly>true</readonly>
         <run_address>0x800</run_address>
         <size>0x3</size>
         <alignment>0x1</alignment>
         <input_file_ref idref="fl-2"/>
      </object_component>
      <object_component id="oc-d8">
         <name>.binit</name>
         <load_address>0x0</load_address>
         <readonly>true</readonly>
         <run_address>0x0</run_address>
         <size>0x0</size>
         <alignment>0x4</alignment>
      </object_component>
      <object_component id="oc-1a">
         <name>.stack</name>
         <uninitialized>true</uninitialized>
         <readwrite>true</readwrite>
         <run_address>0x20207e00</run_address>
         <size>0x4</size>
         <alignment>0x4</alignment>
         <input_file_ref idref="fl-21"/>
      </object_component>
      <object_component id="oc-111">
         <name>.stack</name>
         <uninitialized>true</uninitialized>
         <readwrite>true</readwrite>
         <run_address>0x20207e00</run_address>
         <size>0x0</size>
         <alignment>0x8</alignment>
      </object_component>
      <object_component id="oc-84">
         <name>.debug_loc</name>
         <load_address>0x0</load_address>
         <run_address>0x0</run_address>
         <size>0x163</size>
         <alignment>0x1</alignment>
         <input_file_ref idref="fl-1"/>
      </object_component>
      <object_component id="oc-a8">
         <name>.debug_loc</name>
         <load_address>0x163</load_address>
         <run_address>0x163</run_address>
         <size>0x5c</size>
         <alignment>0x1</alignment>
         <input_file_ref idref="fl-2"/>
      </object_component>
      <object_component id="oc-3a">
         <name>.debug_loc</name>
         <load_address>0x1bf</load_address>
         <run_address>0x1bf</run_address>
         <size>0xd8</size>
         <alignment>0x1</alignment>
         <input_file_ref idref="fl-21"/>
      </object_component>
      <object_component id="oc-8b">
         <name>.debug_loc</name>
         <load_address>0x297</load_address>
         <run_address>0x297</run_address>
         <size>0x26</size>
         <alignment>0x1</alignment>
         <input_file_ref idref="fl-29"/>
      </object_component>
      <object_component id="oc-82">
         <name>.debug_abbrev</name>
         <load_address>0x0</load_address>
         <run_address>0x0</run_address>
         <size>0x11c</size>
         <alignment>0x1</alignment>
         <input_file_ref idref="fl-1"/>
      </object_component>
      <object_component id="oc-aa">
         <name>.debug_abbrev</name>
         <load_address>0x11c</load_address>
         <run_address>0x11c</run_address>
         <size>0x1e3</size>
         <alignment>0x1</alignment>
         <input_file_ref idref="fl-2"/>
      </object_component>
      <object_component id="oc-34">
         <name>.debug_abbrev</name>
         <load_address>0x2ff</load_address>
         <run_address>0x2ff</run_address>
         <size>0x6d</size>
         <alignment>0x1</alignment>
         <input_file_ref idref="fl-3"/>
      </object_component>
      <object_component id="oc-36">
         <name>.debug_abbrev</name>
         <load_address>0x36c</load_address>
         <run_address>0x36c</run_address>
         <size>0xaf</size>
         <alignment>0x1</alignment>
         <input_file_ref idref="fl-21"/>
      </object_component>
      <object_component id="oc-79">
         <name>.debug_abbrev</name>
         <load_address>0x41b</load_address>
         <run_address>0x41b</run_address>
         <size>0x39</size>
         <alignment>0x1</alignment>
         <input_file_ref idref="fl-24"/>
      </object_component>
      <object_component id="oc-ac">
         <name>.debug_abbrev</name>
         <load_address>0x454</load_address>
         <run_address>0x454</run_address>
         <size>0xb3</size>
         <alignment>0x1</alignment>
         <input_file_ref idref="fl-29"/>
      </object_component>
      <object_component id="oc-113">
         <name>.debug_abbrev</name>
         <load_address>0x507</load_address>
         <run_address>0x507</run_address>
         <size>0xf</size>
         <alignment>0x0</alignment>
      </object_component>
      <object_component id="oc-64">
         <name>.debug_info</name>
         <load_address>0x0</load_address>
         <run_address>0x0</run_address>
         <size>0x8db</size>
         <alignment>0x1</alignment>
         <input_file_ref idref="fl-1"/>
      </object_component>
      <object_component id="oc-7d">
         <name>.debug_info</name>
         <load_address>0x8db</load_address>
         <run_address>0x8db</run_address>
         <size>0x2945</size>
         <alignment>0x1</alignment>
         <input_file_ref idref="fl-2"/>
      </object_component>
      <object_component id="oc-19">
         <name>.debug_info</name>
         <load_address>0x3220</load_address>
         <run_address>0x3220</run_address>
         <size>0x80</size>
         <alignment>0x1</alignment>
         <input_file_ref idref="fl-3"/>
      </object_component>
      <object_component id="oc-1b">
         <name>.debug_info</name>
         <load_address>0x32a0</load_address>
         <run_address>0x32a0</run_address>
         <size>0x423</size>
         <alignment>0x1</alignment>
         <input_file_ref idref="fl-21"/>
      </object_component>
      <object_component id="oc-61">
         <name>.debug_info</name>
         <load_address>0x36c3</load_address>
         <run_address>0x36c3</run_address>
         <size>0x46</size>
         <alignment>0x1</alignment>
         <input_file_ref idref="fl-24"/>
      </object_component>
      <object_component id="oc-89">
         <name>.debug_info</name>
         <load_address>0x3709</load_address>
         <run_address>0x3709</run_address>
         <size>0xed</size>
         <alignment>0x1</alignment>
         <input_file_ref idref="fl-29"/>
      </object_component>
      <object_component id="oc-112">
         <name>.debug_info</name>
         <load_address>0x37f6</load_address>
         <run_address>0x37f6</run_address>
         <size>0x9f</size>
         <alignment>0x0</alignment>
      </object_component>
      <object_component id="oc-83">
         <name>.debug_str</name>
         <load_address>0x0</load_address>
         <run_address>0x0</run_address>
         <size>0x468</size>
         <alignment>0x1</alignment>
         <input_file_ref idref="fl-1"/>
      </object_component>
      <object_component id="oc-ab">
         <name>.debug_str</name>
         <load_address>0x468</load_address>
         <run_address>0x468</run_address>
         <size>0x1b1d</size>
         <alignment>0x1</alignment>
         <input_file_ref idref="fl-2"/>
      </object_component>
      <object_component id="oc-35">
         <name>.debug_str</name>
         <load_address>0x1f85</load_address>
         <run_address>0x1f85</run_address>
         <size>0x156</size>
         <alignment>0x1</alignment>
         <input_file_ref idref="fl-3"/>
      </object_component>
      <object_component id="oc-37">
         <name>.debug_str</name>
         <load_address>0x20db</load_address>
         <run_address>0x20db</run_address>
         <size>0x225</size>
         <alignment>0x1</alignment>
         <input_file_ref idref="fl-21"/>
      </object_component>
      <object_component id="oc-7a">
         <name>.debug_str</name>
         <load_address>0x2300</load_address>
         <run_address>0x2300</run_address>
         <size>0xf5</size>
         <alignment>0x1</alignment>
         <input_file_ref idref="fl-24"/>
      </object_component>
      <object_component id="oc-ad">
         <name>.debug_str</name>
         <load_address>0x23f5</load_address>
         <run_address>0x23f5</run_address>
         <size>0x13f</size>
         <alignment>0x1</alignment>
         <input_file_ref idref="fl-29"/>
      </object_component>
      <object_component id="oc-65">
         <name>.debug_frame</name>
         <load_address>0x0</load_address>
         <run_address>0x0</run_address>
         <size>0x20</size>
         <alignment>0x4</alignment>
         <input_file_ref idref="fl-1"/>
      </object_component>
      <object_component id="oc-7c">
         <name>.debug_frame</name>
         <load_address>0x20</load_address>
         <run_address>0x20</run_address>
         <size>0x80</size>
         <alignment>0x4</alignment>
         <input_file_ref idref="fl-2"/>
      </object_component>
      <object_component id="oc-30">
         <name>.debug_frame</name>
         <load_address>0xa0</load_address>
         <run_address>0xa0</run_address>
         <size>0x30</size>
         <alignment>0x4</alignment>
         <input_file_ref idref="fl-3"/>
      </object_component>
      <object_component id="oc-4e">
         <name>.debug_frame</name>
         <load_address>0xd0</load_address>
         <run_address>0xd0</run_address>
         <size>0x90</size>
         <alignment>0x4</alignment>
         <input_file_ref idref="fl-21"/>
      </object_component>
      <object_component id="oc-62">
         <name>.debug_frame</name>
         <load_address>0x160</load_address>
         <run_address>0x160</run_address>
         <size>0x20</size>
         <alignment>0x4</alignment>
         <input_file_ref idref="fl-24"/>
      </object_component>
      <object_component id="oc-87">
         <name>.debug_frame</name>
         <load_address>0x180</load_address>
         <run_address>0x180</run_address>
         <size>0x30</size>
         <alignment>0x4</alignment>
         <input_file_ref idref="fl-29"/>
      </object_component>
      <object_component id="oc-66">
         <name>.debug_line</name>
         <load_address>0x0</load_address>
         <run_address>0x0</run_address>
         <size>0x214</size>
         <alignment>0x1</alignment>
         <input_file_ref idref="fl-1"/>
      </object_component>
      <object_component id="oc-7f">
         <name>.debug_line</name>
         <load_address>0x214</load_address>
         <run_address>0x214</run_address>
         <size>0x41f</size>
         <alignment>0x1</alignment>
         <input_file_ref idref="fl-2"/>
      </object_component>
      <object_component id="oc-32">
         <name>.debug_line</name>
         <load_address>0x633</load_address>
         <run_address>0x633</run_address>
         <size>0xba</size>
         <alignment>0x1</alignment>
         <input_file_ref idref="fl-3"/>
      </object_component>
      <object_component id="oc-38">
         <name>.debug_line</name>
         <load_address>0x6ed</load_address>
         <run_address>0x6ed</run_address>
         <size>0x1fe</size>
         <alignment>0x1</alignment>
         <input_file_ref idref="fl-21"/>
      </object_component>
      <object_component id="oc-60">
         <name>.debug_line</name>
         <load_address>0x8eb</load_address>
         <run_address>0x8eb</run_address>
         <size>0x3e</size>
         <alignment>0x1</alignment>
         <input_file_ref idref="fl-24"/>
      </object_component>
      <object_component id="oc-88">
         <name>.debug_line</name>
         <load_address>0x929</load_address>
         <run_address>0x929</run_address>
         <size>0x6b</size>
         <alignment>0x1</alignment>
         <input_file_ref idref="fl-29"/>
      </object_component>
      <object_component id="oc-7e">
         <name>.debug_ranges</name>
         <load_address>0x0</load_address>
         <run_address>0x0</run_address>
         <size>0x30</size>
         <alignment>0x1</alignment>
         <input_file_ref idref="fl-2"/>
      </object_component>
      <object_component id="oc-31">
         <name>.debug_ranges</name>
         <load_address>0x30</load_address>
         <run_address>0x30</run_address>
         <size>0x18</size>
         <alignment>0x1</alignment>
         <input_file_ref idref="fl-3"/>
      </object_component>
      <object_component id="oc-39">
         <name>.debug_ranges</name>
         <load_address>0x48</load_address>
         <run_address>0x48</run_address>
         <size>0x48</size>
         <alignment>0x1</alignment>
         <input_file_ref idref="fl-21"/>
      </object_component>
      <object_component id="oc-86">
         <name>.debug_ranges</name>
         <load_address>0x90</load_address>
         <run_address>0x90</run_address>
         <size>0x18</size>
         <alignment>0x1</alignment>
         <input_file_ref idref="fl-29"/>
      </object_component>
   </object_component_list>
   <logical_group_list>
      <logical_group id="lg-2" display="no" color="cyan">
         <name>.intvecs</name>
         <load_address>0x0</load_address>
         <run_address>0x0</run_address>
         <size>0xc0</size>
         <contents>
            <object_component_ref idref="oc-18"/>
         </contents>
      </logical_group>
      <logical_group id="lg-3" display="no" color="cyan">
         <name>.text</name>
         <load_address>0xc0</load_address>
         <run_address>0xc0</run_address>
         <size>0x738</size>
         <contents>
            <object_component_ref idref="oc-63"/>
            <object_component_ref idref="oc-cb"/>
            <object_component_ref idref="oc-ba"/>
            <object_component_ref idref="oc-a9"/>
            <object_component_ref idref="oc-bb"/>
            <object_component_ref idref="oc-a7"/>
            <object_component_ref idref="oc-c9"/>
            <object_component_ref idref="oc-bc"/>
            <object_component_ref idref="oc-c8"/>
            <object_component_ref idref="oc-ca"/>
            <object_component_ref idref="oc-b9"/>
            <object_component_ref idref="oc-a5"/>
            <object_component_ref idref="oc-80"/>
            <object_component_ref idref="oc-cc"/>
            <object_component_ref idref="oc-a6"/>
            <object_component_ref idref="oc-ce"/>
            <object_component_ref idref="oc-4d"/>
            <object_component_ref idref="oc-cd"/>
            <object_component_ref idref="oc-81"/>
            <object_component_ref idref="oc-7b"/>
            <object_component_ref idref="oc-2f"/>
            <object_component_ref idref="oc-5f"/>
            <object_component_ref idref="oc-85"/>
            <object_component_ref idref="oc-33"/>
         </contents>
      </logical_group>
      <logical_group id="lg-4" display="no" color="cyan">
         <name>.const</name>
         <run_address>0x0</run_address>
         <size>0x0</size>
         <contents>
         </contents>
      </logical_group>
      <logical_group id="lg-5" display="no" color="cyan">
         <name>.cinit</name>
         <load_address>0x0</load_address>
         <run_address>0x0</run_address>
         <size>0x0</size>
         <contents>
            <object_component_ref idref="oc-10f"/>
         </contents>
      </logical_group>
      <logical_group id="lg-6" display="no" color="cyan">
         <name>.pinit</name>
         <run_address>0x0</run_address>
         <size>0x0</size>
         <contents>
         </contents>
      </logical_group>
      <logical_group id="lg-7" display="no" color="cyan">
         <name>.rodata</name>
         <load_address>0x7f8</load_address>
         <run_address>0x7f8</run_address>
         <size>0x10</size>
         <contents>
            <object_component_ref idref="oc-be"/>
            <object_component_ref idref="oc-bd"/>
         </contents>
      </logical_group>
      <logical_group id="lg-8" display="no" color="cyan">
         <name>.ARM.exidx</name>
         <run_address>0x0</run_address>
         <size>0x0</size>
         <contents>
         </contents>
      </logical_group>
      <logical_group id="lg-9" display="no" color="cyan">
         <name>.init_array</name>
         <run_address>0x0</run_address>
         <size>0x0</size>
         <contents>
         </contents>
      </logical_group>
      <logical_group id="lg-a" display="no" color="cyan">
         <name>.binit</name>
         <load_address>0x0</load_address>
         <run_address>0x0</run_address>
         <size>0x0</size>
         <contents>
            <object_component_ref idref="oc-d8"/>
         </contents>
      </logical_group>
      <logical_group id="lg-b" display="no" color="cyan">
         <name>.TI.ramfunc</name>
         <run_address>0x0</run_address>
         <size>0x0</size>
         <contents>
         </contents>
      </logical_group>
      <logical_group id="lg-c" display="no" color="cyan">
         <name>.vtable</name>
         <run_address>0x0</run_address>
         <size>0x0</size>
         <contents>
         </contents>
      </logical_group>
      <logical_group id="lg-d" display="no" color="cyan">
         <name>.args</name>
         <run_address>0x0</run_address>
         <size>0x0</size>
         <contents>
         </contents>
      </logical_group>
      <logical_group id="lg-e" display="no" color="cyan">
         <name>.data</name>
         <run_address>0x0</run_address>
         <size>0x0</size>
         <contents>
         </contents>
      </logical_group>
      <logical_group id="lg-f" display="no" color="cyan">
         <name>.bss</name>
         <run_address>0x0</run_address>
         <size>0x0</size>
         <contents>
         </contents>
      </logical_group>
      <logical_group id="lg-10" display="no" color="cyan">
         <name>.sysmem</name>
         <run_address>0x0</run_address>
         <size>0x0</size>
         <contents>
         </contents>
      </logical_group>
      <logical_group id="lg-11" display="no" color="cyan">
         <name>.stack</name>
         <run_address>0x20207e00</run_address>
         <size>0x200</size>
         <contents>
            <object_component_ref idref="oc-1a"/>
            <object_component_ref idref="oc-111"/>
         </contents>
      </logical_group>
      <logical_group id="lg-12" display="no" color="cyan">
         <name>.BCRConfig</name>
         <run_address>0x0</run_address>
         <size>0x0</size>
         <contents>
         </contents>
      </logical_group>
      <logical_group id="lg-13" display="no" color="cyan">
         <name>.BSLConfig</name>
         <run_address>0x0</run_address>
         <size>0x0</size>
         <contents>
         </contents>
      </logical_group>
      <logical_group id="lg-cf" display="no" color="cyan">
         <name>.TI.noinit</name>
         <run_address>0x0</run_address>
         <size>0x0</size>
         <contents>
         </contents>
      </logical_group>
      <logical_group id="lg-d0" display="no" color="cyan">
         <name>.TI.persistent</name>
         <run_address>0x0</run_address>
         <size>0x0</size>
         <contents>
         </contents>
      </logical_group>
      <logical_group id="lg-d1" display="no" color="cyan">
         <name>.TI.local</name>
         <run_address>0x0</run_address>
         <size>0x0</size>
         <contents>
         </contents>
      </logical_group>
      <logical_group id="lg-d2" display="no" color="cyan">
         <name>.TI.onchip</name>
         <run_address>0x0</run_address>
         <size>0x0</size>
         <contents>
         </contents>
      </logical_group>
      <logical_group id="lg-d3" display="no" color="cyan">
         <name>.TI.offchip</name>
         <run_address>0x0</run_address>
         <size>0x0</size>
         <contents>
         </contents>
      </logical_group>
      <logical_group id="lg-d4" display="no" color="cyan">
         <name>__llvm_prf_cnts</name>
         <run_address>0x20200000</run_address>
         <size>0x0</size>
         <contents>
         </contents>
      </logical_group>
      <logical_group id="lg-d6" display="no" color="cyan">
         <name>__llvm_prf_bits</name>
         <run_address>0x20200000</run_address>
         <size>0x0</size>
         <contents>
         </contents>
      </logical_group>
      <logical_group id="lg-f2" display="never" color="cyan">
         <name>.debug_loc</name>
         <load_address>0x0</load_address>
         <run_address>0x0</run_address>
         <size>0x2bd</size>
         <contents>
            <object_component_ref idref="oc-84"/>
            <object_component_ref idref="oc-a8"/>
            <object_component_ref idref="oc-3a"/>
            <object_component_ref idref="oc-8b"/>
         </contents>
      </logical_group>
      <logical_group id="lg-f4" display="never" color="cyan">
         <name>.debug_abbrev</name>
         <load_address>0x0</load_address>
         <run_address>0x0</run_address>
         <size>0x516</size>
         <contents>
            <object_component_ref idref="oc-82"/>
            <object_component_ref idref="oc-aa"/>
            <object_component_ref idref="oc-34"/>
            <object_component_ref idref="oc-36"/>
            <object_component_ref idref="oc-79"/>
            <object_component_ref idref="oc-ac"/>
            <object_component_ref idref="oc-113"/>
         </contents>
      </logical_group>
      <logical_group id="lg-f6" display="never" color="cyan">
         <name>.debug_info</name>
         <load_address>0x0</load_address>
         <run_address>0x0</run_address>
         <size>0x3895</size>
         <contents>
            <object_component_ref idref="oc-64"/>
            <object_component_ref idref="oc-7d"/>
            <object_component_ref idref="oc-19"/>
            <object_component_ref idref="oc-1b"/>
            <object_component_ref idref="oc-61"/>
            <object_component_ref idref="oc-89"/>
            <object_component_ref idref="oc-112"/>
         </contents>
      </logical_group>
      <logical_group id="lg-f8" display="never" color="cyan">
         <name>.debug_str</name>
         <load_address>0x0</load_address>
         <run_address>0x0</run_address>
         <size>0x2534</size>
         <contents>
            <object_component_ref idref="oc-83"/>
            <object_component_ref idref="oc-ab"/>
            <object_component_ref idref="oc-35"/>
            <object_component_ref idref="oc-37"/>
            <object_component_ref idref="oc-7a"/>
            <object_component_ref idref="oc-ad"/>
         </contents>
      </logical_group>
      <logical_group id="lg-fa" display="never" color="cyan">
         <name>.debug_frame</name>
         <load_address>0x0</load_address>
         <run_address>0x0</run_address>
         <size>0x1b0</size>
         <contents>
            <object_component_ref idref="oc-65"/>
            <object_component_ref idref="oc-7c"/>
            <object_component_ref idref="oc-30"/>
            <object_component_ref idref="oc-4e"/>
            <object_component_ref idref="oc-62"/>
            <object_component_ref idref="oc-87"/>
         </contents>
      </logical_group>
      <logical_group id="lg-fc" display="never" color="cyan">
         <name>.debug_line</name>
         <load_address>0x0</load_address>
         <run_address>0x0</run_address>
         <size>0x994</size>
         <contents>
            <object_component_ref idref="oc-66"/>
            <object_component_ref idref="oc-7f"/>
            <object_component_ref idref="oc-32"/>
            <object_component_ref idref="oc-38"/>
            <object_component_ref idref="oc-60"/>
            <object_component_ref idref="oc-88"/>
         </contents>
      </logical_group>
      <logical_group id="lg-fe" display="never" color="cyan">
         <name>.debug_ranges</name>
         <load_address>0x0</load_address>
         <run_address>0x0</run_address>
         <size>0xa8</size>
         <contents>
            <object_component_ref idref="oc-7e"/>
            <object_component_ref idref="oc-31"/>
            <object_component_ref idref="oc-39"/>
            <object_component_ref idref="oc-86"/>
         </contents>
      </logical_group>
      <logical_group id="lg-110" display="no" color="cyan">
         <name>Veneer$$CMSE</name>
         <run_address>0x0</run_address>
         <size>0x0</size>
         <contents>
         </contents>
      </logical_group>
      <load_segment id="lg-116" display="no" color="cyan">
         <name>SEGMENT_0</name>
         <load_address>0x0</load_address>
         <run_address>0x0</run_address>
         <size>0x808</size>
         <flags>0x5</flags>
         <contents>
            <logical_group_ref idref="lg-2"/>
            <logical_group_ref idref="lg-3"/>
            <logical_group_ref idref="lg-7"/>
         </contents>
      </load_segment>
      <load_segment id="lg-117" display="no" color="cyan">
         <name>SEGMENT_1</name>
         <run_address>0x20207e00</run_address>
         <size>0x200</size>
         <flags>0x6</flags>
         <contents>
            <logical_group_ref idref="lg-11"/>
         </contents>
      </load_segment>
   </logical_group_list>
   <placement_map>
      <memory_area display="yes" color="green">
         <name>FLASH</name>
         <page_id>0x0</page_id>
         <origin>0x0</origin>
         <length>0x20000</length>
         <used_space>0x808</used_space>
         <unused_space>0x1f7f8</unused_space>
         <attributes>RX</attributes>
         <usage_details>
            <allocated_space>
               <start_address>0x0</start_address>
               <size>0x0</size>
               <logical_group_ref idref="lg-5"/>
            </allocated_space>
            <allocated_space>
               <start_address>0x0</start_address>
               <size>0x0</size>
               <logical_group_ref idref="lg-a"/>
            </allocated_space>
            <allocated_space>
               <start_address>0x0</start_address>
               <size>0xc0</size>
               <logical_group_ref idref="lg-2"/>
            </allocated_space>
            <allocated_space>
               <start_address>0xc0</start_address>
               <size>0x738</size>
               <logical_group_ref idref="lg-3"/>
            </allocated_space>
            <allocated_space>
               <start_address>0x7f8</start_address>
               <size>0x10</size>
               <logical_group_ref idref="lg-7"/>
            </allocated_space>
            <available_space>
               <start_address>0x808</start_address>
               <size>0x1f7f8</size>
            </available_space>
         </usage_details>
      </memory_area>
      <memory_area display="yes" color="green">
         <name>SRAM</name>
         <page_id>0x0</page_id>
         <origin>0x20200000</origin>
         <length>0x8000</length>
         <used_space>0x200</used_space>
         <unused_space>0x7e00</unused_space>
         <attributes>RWX</attributes>
         <usage_details>
            <allocated_space>
               <start_address>0x20200000</start_address>
               <size>0x0</size>
               <logical_group_ref idref="lg-d4"/>
            </allocated_space>
            <allocated_space>
               <start_address>0x20200000</start_address>
               <size>0x0</size>
               <logical_group_ref idref="lg-d6"/>
            </allocated_space>
            <available_space>
               <start_address>0x20200000</start_address>
               <size>0x7e00</size>
            </available_space>
            <allocated_space>
               <start_address>0x20207e00</start_address>
               <size>0x200</size>
               <logical_group_ref idref="lg-11"/>
            </allocated_space>
         </usage_details>
      </memory_area>
      <memory_area display="yes" color="green">
         <name>BCR_CONFIG</name>
         <page_id>0x0</page_id>
         <origin>0x41c00000</origin>
         <length>0x80</length>
         <used_space>0x0</used_space>
         <unused_space>0x80</unused_space>
         <attributes>R</attributes>
         <usage_details>
         </usage_details>
      </memory_area>
      <memory_area display="yes" color="green">
         <name>BSL_CONFIG</name>
         <page_id>0x0</page_id>
         <origin>0x41c00100</origin>
         <length>0x80</length>
         <used_space>0x0</used_space>
         <unused_space>0x80</unused_space>
         <attributes>R</attributes>
         <usage_details>
         </usage_details>
      </memory_area>
   </placement_map>
   <symbol_table>
      <symbol id="sm-1">
         <name>__start___llvm_prf_cnts</name>
         <value>0x20200000</value>
      </symbol>
      <symbol id="sm-2">
         <name>__stop___llvm_prf_cnts</name>
         <value>0x20200000</value>
      </symbol>
      <symbol id="sm-3">
         <name>__start___llvm_prf_bits</name>
         <value>0x20200000</value>
      </symbol>
      <symbol id="sm-4">
         <name>__stop___llvm_prf_bits</name>
         <value>0x20200000</value>
      </symbol>
      <symbol id="sm-5">
         <name>__TI_CINIT_Base</name>
         <value>0x0</value>
      </symbol>
      <symbol id="sm-6">
         <name>__TI_CINIT_Limit</name>
         <value>0x0</value>
      </symbol>
      <symbol id="sm-7">
         <name>__TI_CINIT_Warm</name>
         <value>0x0</value>
      </symbol>
      <symbol id="sm-8">
         <name>binit</name>
         <value>0xffffffff</value>
      </symbol>
      <symbol id="sm-9">
         <name>__binit__</name>
         <value>0xffffffff</value>
      </symbol>
      <symbol id="sm-a">
         <name>__STACK_SIZE</name>
         <value>0x200</value>
      </symbol>
      <symbol id="sm-b">
         <name>__STACK_END</name>
         <value>0x20208000</value>
      </symbol>
      <symbol id="sm-c">
         <name>__TI_pprof_out_hndl</name>
         <value>0xffffffff</value>
      </symbol>
      <symbol id="sm-d">
         <name>__TI_prof_data_start</name>
         <value>0xffffffff</value>
      </symbol>
      <symbol id="sm-e">
         <name>__TI_prof_data_size</name>
         <value>0xffffffff</value>
      </symbol>
      <symbol id="sm-f">
         <name>__TI_static_base__</name>
         <value>0x0</value>
      </symbol>
      <symbol id="sm-3a">
         <name>main</name>
         <value>0xc1</value>
         <object_component_ref idref="oc-63"/>
      </symbol>
      <symbol id="sm-54">
         <name>SYSCFG_DL_init</name>
         <value>0x7d5</value>
         <object_component_ref idref="oc-7b"/>
      </symbol>
      <symbol id="sm-55">
         <name>SYSCFG_DL_initPower</name>
         <value>0x6b9</value>
         <object_component_ref idref="oc-a5"/>
      </symbol>
      <symbol id="sm-56">
         <name>SYSCFG_DL_GPIO_init</name>
         <value>0x741</value>
         <object_component_ref idref="oc-a6"/>
      </symbol>
      <symbol id="sm-57">
         <name>SYSCFG_DL_SYSCTL_init</name>
         <value>0x56d</value>
         <object_component_ref idref="oc-a7"/>
      </symbol>
      <symbol id="sm-58">
         <name>SYSCFG_DL_PWM_0_init</name>
         <value>0x4ad</value>
         <object_component_ref idref="oc-a9"/>
      </symbol>
      <symbol id="sm-63">
         <name>Default_Handler</name>
         <value>0x7f5</value>
         <object_component_ref idref="oc-33"/>
      </symbol>
      <symbol id="sm-64">
         <name>Reset_Handler</name>
         <value>0x7e9</value>
         <object_component_ref idref="oc-2f"/>
      </symbol>
      <symbol id="sm-65">
         <name>interruptVectors</name>
         <value>0x0</value>
         <object_component_ref idref="oc-18"/>
      </symbol>
      <symbol id="sm-66">
         <name>NMI_Handler</name>
         <value>0x7f5</value>
         <object_component_ref idref="oc-33"/>
      </symbol>
      <symbol id="sm-67">
         <name>HardFault_Handler</name>
         <value>0x7f5</value>
         <object_component_ref idref="oc-33"/>
      </symbol>
      <symbol id="sm-68">
         <name>SVC_Handler</name>
         <value>0x7f5</value>
         <object_component_ref idref="oc-33"/>
      </symbol>
      <symbol id="sm-69">
         <name>PendSV_Handler</name>
         <value>0x7f5</value>
         <object_component_ref idref="oc-33"/>
      </symbol>
      <symbol id="sm-6a">
         <name>SysTick_Handler</name>
         <value>0x7f5</value>
         <object_component_ref idref="oc-33"/>
      </symbol>
      <symbol id="sm-6b">
         <name>GROUP0_IRQHandler</name>
         <value>0x7f5</value>
         <object_component_ref idref="oc-33"/>
      </symbol>
      <symbol id="sm-6c">
         <name>GROUP1_IRQHandler</name>
         <value>0x7f5</value>
         <object_component_ref idref="oc-33"/>
      </symbol>
      <symbol id="sm-6d">
         <name>TIMG8_IRQHandler</name>
         <value>0x7f5</value>
         <object_component_ref idref="oc-33"/>
      </symbol>
      <symbol id="sm-6e">
         <name>UART3_IRQHandler</name>
         <value>0x7f5</value>
         <object_component_ref idref="oc-33"/>
      </symbol>
      <symbol id="sm-6f">
         <name>ADC0_IRQHandler</name>
         <value>0x7f5</value>
         <object_component_ref idref="oc-33"/>
      </symbol>
      <symbol id="sm-70">
         <name>ADC1_IRQHandler</name>
         <value>0x7f5</value>
         <object_component_ref idref="oc-33"/>
      </symbol>
      <symbol id="sm-71">
         <name>CANFD0_IRQHandler</name>
         <value>0x7f5</value>
         <object_component_ref idref="oc-33"/>
      </symbol>
      <symbol id="sm-72">
         <name>DAC0_IRQHandler</name>
         <value>0x7f5</value>
         <object_component_ref idref="oc-33"/>
      </symbol>
      <symbol id="sm-73">
         <name>SPI0_IRQHandler</name>
         <value>0x7f5</value>
         <object_component_ref idref="oc-33"/>
      </symbol>
      <symbol id="sm-74">
         <name>SPI1_IRQHandler</name>
         <value>0x7f5</value>
         <object_component_ref idref="oc-33"/>
      </symbol>
      <symbol id="sm-75">
         <name>UART1_IRQHandler</name>
         <value>0x7f5</value>
         <object_component_ref idref="oc-33"/>
      </symbol>
      <symbol id="sm-76">
         <name>UART2_IRQHandler</name>
         <value>0x7f5</value>
         <object_component_ref idref="oc-33"/>
      </symbol>
      <symbol id="sm-77">
         <name>UART0_IRQHandler</name>
         <value>0x7f5</value>
         <object_component_ref idref="oc-33"/>
      </symbol>
      <symbol id="sm-78">
         <name>TIMG0_IRQHandler</name>
         <value>0x7f5</value>
         <object_component_ref idref="oc-33"/>
      </symbol>
      <symbol id="sm-79">
         <name>TIMG6_IRQHandler</name>
         <value>0x7f5</value>
         <object_component_ref idref="oc-33"/>
      </symbol>
      <symbol id="sm-7a">
         <name>TIMA0_IRQHandler</name>
         <value>0x7f5</value>
         <object_component_ref idref="oc-33"/>
      </symbol>
      <symbol id="sm-7b">
         <name>TIMA1_IRQHandler</name>
         <value>0x7f5</value>
         <object_component_ref idref="oc-33"/>
      </symbol>
      <symbol id="sm-7c">
         <name>TIMG7_IRQHandler</name>
         <value>0x7f5</value>
         <object_component_ref idref="oc-33"/>
      </symbol>
      <symbol id="sm-7d">
         <name>TIMG12_IRQHandler</name>
         <value>0x7f5</value>
         <object_component_ref idref="oc-33"/>
      </symbol>
      <symbol id="sm-7e">
         <name>I2C0_IRQHandler</name>
         <value>0x7f5</value>
         <object_component_ref idref="oc-33"/>
      </symbol>
      <symbol id="sm-7f">
         <name>I2C1_IRQHandler</name>
         <value>0x7f5</value>
         <object_component_ref idref="oc-33"/>
      </symbol>
      <symbol id="sm-80">
         <name>AES_IRQHandler</name>
         <value>0x7f5</value>
         <object_component_ref idref="oc-33"/>
      </symbol>
      <symbol id="sm-81">
         <name>RTC_IRQHandler</name>
         <value>0x7f5</value>
         <object_component_ref idref="oc-33"/>
      </symbol>
      <symbol id="sm-82">
         <name>DMA_IRQHandler</name>
         <value>0x7f5</value>
         <object_component_ref idref="oc-33"/>
      </symbol>
      <symbol id="sm-83">
         <name>__TI_ATRegion0_src_addr</name>
         <value>0x0</value>
      </symbol>
      <symbol id="sm-84">
         <name>__TI_ATRegion0_trg_addr</name>
         <value>0x0</value>
      </symbol>
      <symbol id="sm-85">
         <name>__TI_ATRegion0_region_sz</name>
         <value>0x0</value>
      </symbol>
      <symbol id="sm-86">
         <name>__TI_ATRegion1_src_addr</name>
         <value>0x0</value>
      </symbol>
      <symbol id="sm-87">
         <name>__TI_ATRegion1_trg_addr</name>
         <value>0x0</value>
      </symbol>
      <symbol id="sm-88">
         <name>__TI_ATRegion1_region_sz</name>
         <value>0x0</value>
      </symbol>
      <symbol id="sm-89">
         <name>__TI_ATRegion2_src_addr</name>
         <value>0x0</value>
      </symbol>
      <symbol id="sm-8a">
         <name>__TI_ATRegion2_trg_addr</name>
         <value>0x0</value>
      </symbol>
      <symbol id="sm-8b">
         <name>__TI_ATRegion2_region_sz</name>
         <value>0x0</value>
      </symbol>
      <symbol id="sm-8f">
         <name>DL_Common_delayCycles</name>
         <value>0x7c1</value>
         <object_component_ref idref="oc-81"/>
      </symbol>
      <symbol id="sm-ab">
         <name>DL_Timer_setClockConfig</name>
         <value>0x685</value>
         <object_component_ref idref="oc-b9"/>
      </symbol>
      <symbol id="sm-ac">
         <name>DL_Timer_setCaptureCompareValue</name>
         <value>0x6ed</value>
         <object_component_ref idref="oc-80"/>
      </symbol>
      <symbol id="sm-ad">
         <name>DL_Timer_setCaptureCompareCtl</name>
         <value>0x5ad</value>
         <object_component_ref idref="oc-c9"/>
      </symbol>
      <symbol id="sm-ae">
         <name>DL_Timer_setCaptureCompareInput</name>
         <value>0x651</value>
         <object_component_ref idref="oc-ca"/>
      </symbol>
      <symbol id="sm-af">
         <name>DL_Timer_setCaptCompUpdateMethod</name>
         <value>0x5e9</value>
         <object_component_ref idref="oc-bc"/>
      </symbol>
      <symbol id="sm-b0">
         <name>DL_Timer_setCaptureCompareOutCtl</name>
         <value>0x52d</value>
         <object_component_ref idref="oc-bb"/>
      </symbol>
      <symbol id="sm-b1">
         <name>DL_Timer_setCaptureCompareAction</name>
         <value>0x61d</value>
         <object_component_ref idref="oc-c8"/>
      </symbol>
      <symbol id="sm-b2">
         <name>DL_Timer_initFourCCPWMMode</name>
         <value>0x3c1</value>
         <object_component_ref idref="oc-ba"/>
      </symbol>
      <symbol id="sm-bd">
         <name>_c_int00_noinit_noargs</name>
         <value>0x789</value>
         <object_component_ref idref="oc-4d"/>
      </symbol>
      <symbol id="sm-be">
         <name>__stack</name>
         <value>0x20207e00</value>
         <object_component_ref idref="oc-1a"/>
      </symbol>
      <symbol id="sm-c8">
         <name>_system_pre_init</name>
         <value>0x7ed</value>
         <object_component_ref idref="oc-5f"/>
      </symbol>
      <symbol id="sm-d6">
         <name>abort</name>
         <value>0x7f1</value>
         <object_component_ref idref="oc-85"/>
      </symbol>
      <symbol id="sm-d7">
         <name>C$$EXIT</name>
         <value>0x7f0</value>
         <object_component_ref idref="oc-85"/>
      </symbol>
      <symbol id="sm-da">
         <name>__mpu_init</name>
         <value>0x0</value>
      </symbol>
   </symbol_table>
   <title>Link successful</title>
</link_info>
