<?xml version="1.0" encoding="ISO-8859-1" ?>
<link_info>
   <banner>TI ARM Clang Linker PC v3.2.2.LTS</banner>
   <copyright>Copyright (c) 1996-2018 Texas Instruments Incorporated</copyright>
   <link_time>0x66a8c6da</link_time>
   <link_errors>0x0</link_errors>
   <output_file>C:\Users\Admin\workspace_v12\EXAM\Assignment_3\Debug\Assignment_2.out</output_file>
   <entry_point>
      <name>_c_int00_noargs</name>
      <address>0x561</address>
   </entry_point>
   <input_file_list>
      <input_file id="fl-1">
         <path>C:\Users\Admin\workspace_v12\EXAM\Assignment_3\Debug\.\</path>
         <kind>object</kind>
         <file>empty.o</file>
         <name>empty.o</name>
      </input_file>
      <input_file id="fl-2">
         <path>C:\Users\Admin\workspace_v12\EXAM\Assignment_3\Debug\.\</path>
         <kind>object</kind>
         <file>ti_msp_dl_config.o</file>
         <name>ti_msp_dl_config.o</name>
      </input_file>
      <input_file id="fl-3">
         <path>C:\Users\Admin\workspace_v12\EXAM\Assignment_3\Debug\.\</path>
         <kind>object</kind>
         <file>startup_mspm0g350x_ticlang.o</file>
         <name>startup_mspm0g350x_ticlang.o</name>
      </input_file>
      <input_file id="fl-10">
         <path>C:\Users\Admin\workspace_v12\EXAM\Assignment_3\Debug\</path>
         <kind>object</kind>
         <file>&lt;internal&gt;</file>
         <name>&lt;internal&gt;</name>
      </input_file>
      <input_file id="fl-11">
         <path>C:\ti\mspm0_sdk_2_01_00_03\source\ti\driverlib\lib\ticlang\m0p\mspm0g1x0x_g3x0x\</path>
         <kind>archive</kind>
         <file>driverlib.a</file>
         <name>dl_common.o</name>
      </input_file>
      <input_file id="fl-12">
         <path>C:\ti\mspm0_sdk_2_01_00_03\source\ti\driverlib\lib\ticlang\m0p\mspm0g1x0x_g3x0x\</path>
         <kind>archive</kind>
         <file>driverlib.a</file>
         <name>dl_timer.o</name>
      </input_file>
      <input_file id="fl-21">
         <path>C:\ti\ccs1271\ccs\tools\compiler\ti-cgt-armllvm_3.2.2.LTS\lib\armv6m-ti-none-eabi\c\</path>
         <kind>archive</kind>
         <file>libc.a</file>
         <name>boot_cortex_m.c.obj</name>
      </input_file>
      <input_file id="fl-22">
         <path>C:\ti\ccs1271\ccs\tools\compiler\ti-cgt-armllvm_3.2.2.LTS\lib\armv6m-ti-none-eabi\c\</path>
         <kind>archive</kind>
         <file>libc.a</file>
         <name>mathacl_init.c.obj</name>
      </input_file>
      <input_file id="fl-23">
         <path>C:\ti\ccs1271\ccs\tools\compiler\ti-cgt-armllvm_3.2.2.LTS\lib\armv6m-ti-none-eabi\c\</path>
         <kind>archive</kind>
         <file>libc.a</file>
         <name>autoinit.c.obj</name>
      </input_file>
      <input_file id="fl-24">
         <path>C:\ti\ccs1271\ccs\tools\compiler\ti-cgt-armllvm_3.2.2.LTS\lib\armv6m-ti-none-eabi\c\</path>
         <kind>archive</kind>
         <file>libc.a</file>
         <name>pre_init.c.obj</name>
      </input_file>
      <input_file id="fl-25">
         <path>C:\ti\ccs1271\ccs\tools\compiler\ti-cgt-armllvm_3.2.2.LTS\lib\armv6m-ti-none-eabi\c\</path>
         <kind>archive</kind>
         <file>libc.a</file>
         <name>cpy_tbl.c.obj</name>
      </input_file>
      <input_file id="fl-26">
         <path>C:\ti\ccs1271\ccs\tools\compiler\ti-cgt-armllvm_3.2.2.LTS\lib\armv6m-ti-none-eabi\c\</path>
         <kind>archive</kind>
         <file>libc.a</file>
         <name>copy_zero_init.c.obj</name>
      </input_file>
      <input_file id="fl-27">
         <path>C:\ti\ccs1271\ccs\tools\compiler\ti-cgt-armllvm_3.2.2.LTS\lib\armv6m-ti-none-eabi\c\</path>
         <kind>archive</kind>
         <file>libc.a</file>
         <name>copy_decompress_none.c.obj</name>
      </input_file>
      <input_file id="fl-28">
         <path>C:\ti\ccs1271\ccs\tools\compiler\ti-cgt-armllvm_3.2.2.LTS\lib\armv6m-ti-none-eabi\c\</path>
         <kind>archive</kind>
         <file>libc.a</file>
         <name>copy_decompress_lzss.c.obj</name>
      </input_file>
      <input_file id="fl-29">
         <path>C:\ti\ccs1271\ccs\tools\compiler\ti-cgt-armllvm_3.2.2.LTS\lib\armv6m-ti-none-eabi\c\</path>
         <kind>archive</kind>
         <file>libc.a</file>
         <name>exit.c.obj</name>
      </input_file>
      <input_file id="fl-2a">
         <path>C:\ti\ccs1271\ccs\tools\compiler\ti-cgt-armllvm_3.2.2.LTS\lib\armv6m-ti-none-eabi\c\</path>
         <kind>archive</kind>
         <file>libc.a</file>
         <name>_lock.c.obj</name>
      </input_file>
      <input_file id="fl-2b">
         <path>C:\ti\ccs1271\ccs\tools\compiler\ti-cgt-armllvm_3.2.2.LTS\lib\armv6m-ti-none-eabi\c\</path>
         <kind>archive</kind>
         <file>libc.a</file>
         <name>args_main.c.obj</name>
      </input_file>
      <input_file id="fl-91">
         <path>C:\ti\ccs1271\ccs\tools\compiler\ti-cgt-armllvm_3.2.2.LTS\lib\clang\15.0.7\lib\armv6m-ti-none-eabi\</path>
         <kind>archive</kind>
         <file>libclang_rt.builtins.a</file>
         <name>aeabi_memcpy.S.obj</name>
      </input_file>
      <input_file id="fl-92">
         <path>C:\ti\ccs1271\ccs\tools\compiler\ti-cgt-armllvm_3.2.2.LTS\lib\clang\15.0.7\lib\armv6m-ti-none-eabi\</path>
         <kind>archive</kind>
         <file>libclang_rt.builtins.a</file>
         <name>aeabi_memset.S.obj</name>
      </input_file>
      <input_file id="fl-93">
         <path>C:\ti\ccs1271\ccs\tools\compiler\ti-cgt-armllvm_3.2.2.LTS\lib\armv6m-ti-none-eabi\c\</path>
         <kind>archive</kind>
         <file>libc.a</file>
         <name>memcpy16.S.obj</name>
      </input_file>
      <input_file id="fl-94">
         <path>C:\ti\ccs1271\ccs\tools\compiler\ti-cgt-armllvm_3.2.2.LTS\lib\armv6m-ti-none-eabi\c\</path>
         <kind>archive</kind>
         <file>libc.a</file>
         <name>memset16.S.obj</name>
      </input_file>
   </input_file_list>
   <object_component_list>
      <object_component id="oc-18">
         <name>.intvecs</name>
         <load_address>0x0</load_address>
         <readonly>true</readonly>
         <run_address>0x0</run_address>
         <size>0xc0</size>
         <alignment>0x4</alignment>
         <input_file_ref idref="fl-3"/>
      </object_component>
      <object_component id="oc-6f">
         <name>.text.main</name>
         <load_address>0xc0</load_address>
         <readonly>true</readonly>
         <executable>true</executable>
         <run_address>0xc0</run_address>
         <size>0x158</size>
         <alignment>0x4</alignment>
         <input_file_ref idref="fl-1"/>
      </object_component>
      <object_component id="oc-86">
         <name>.text.DL_Timer_initTimerMode</name>
         <load_address>0x218</load_address>
         <readonly>true</readonly>
         <executable>true</executable>
         <run_address>0x218</run_address>
         <size>0x100</size>
         <alignment>0x4</alignment>
         <input_file_ref idref="fl-12"/>
      </object_component>
      <object_component id="oc-7f">
         <name>.text:memcpy</name>
         <load_address>0x318</load_address>
         <readonly>true</readonly>
         <executable>true</executable>
         <run_address>0x318</run_address>
         <size>0x9a</size>
         <alignment>0x1</alignment>
         <input_file_ref idref="fl-93"/>
      </object_component>
      <object_component id="oc-33">
         <name>.text.Default_Handler</name>
         <load_address>0x3b2</load_address>
         <readonly>true</readonly>
         <executable>true</executable>
         <run_address>0x3b2</run_address>
         <size>0x2</size>
         <alignment>0x2</alignment>
         <input_file_ref idref="fl-3"/>
      </object_component>
      <object_component id="oc-1c">
         <name>.text:decompress:lzss</name>
         <load_address>0x3b4</load_address>
         <readonly>true</readonly>
         <executable>true</executable>
         <run_address>0x3b4</run_address>
         <size>0x78</size>
         <alignment>0x4</alignment>
         <input_file_ref idref="fl-28"/>
      </object_component>
      <object_component id="oc-b2">
         <name>.text.DL_Timer_setCaptureCompareCtl</name>
         <load_address>0x42c</load_address>
         <readonly>true</readonly>
         <executable>true</executable>
         <run_address>0x42c</run_address>
         <size>0x3c</size>
         <alignment>0x4</alignment>
         <input_file_ref idref="fl-12"/>
      </object_component>
      <object_component id="oc-96">
         <name>.text:__TI_auto_init_nobinit_nopinit</name>
         <load_address>0x468</load_address>
         <readonly>true</readonly>
         <executable>true</executable>
         <run_address>0x468</run_address>
         <size>0x3c</size>
         <alignment>0x4</alignment>
         <input_file_ref idref="fl-23"/>
      </object_component>
      <object_component id="oc-85">
         <name>.text.DL_Timer_setClockConfig</name>
         <load_address>0x4a4</load_address>
         <readonly>true</readonly>
         <executable>true</executable>
         <run_address>0x4a4</run_address>
         <size>0x34</size>
         <alignment>0x4</alignment>
         <input_file_ref idref="fl-12"/>
      </object_component>
      <object_component id="oc-34">
         <name>.text.TIMA0_IRQHandler</name>
         <load_address>0x4d8</load_address>
         <readonly>true</readonly>
         <executable>true</executable>
         <run_address>0x4d8</run_address>
         <size>0x34</size>
         <alignment>0x4</alignment>
         <input_file_ref idref="fl-1"/>
      </object_component>
      <object_component id="oc-b1">
         <name>.text.DL_Timer_setCaptureCompareValue</name>
         <load_address>0x50c</load_address>
         <readonly>true</readonly>
         <executable>true</executable>
         <run_address>0x50c</run_address>
         <size>0x2c</size>
         <alignment>0x4</alignment>
         <input_file_ref idref="fl-12"/>
      </object_component>
      <object_component id="oc-c5">
         <name>.text.DL_Common_updateReg</name>
         <load_address>0x538</load_address>
         <readonly>true</readonly>
         <executable>true</executable>
         <run_address>0x538</run_address>
         <size>0x28</size>
         <alignment>0x2</alignment>
         <input_file_ref idref="fl-12"/>
      </object_component>
      <object_component id="oc-54">
         <name>.text:_c_int00_noargs</name>
         <load_address>0x560</load_address>
         <readonly>true</readonly>
         <executable>true</executable>
         <run_address>0x560</run_address>
         <size>0x28</size>
         <alignment>0x4</alignment>
         <input_file_ref idref="fl-21"/>
      </object_component>
      <object_component id="oc-b0">
         <name>.text.DL_Timer_setCounterValueAfterEnable</name>
         <load_address>0x588</load_address>
         <readonly>true</readonly>
         <executable>true</executable>
         <run_address>0x588</run_address>
         <size>0x20</size>
         <alignment>0x4</alignment>
         <input_file_ref idref="fl-12"/>
      </object_component>
      <object_component id="oc-af">
         <name>.text.DL_Timer_setLoadValue</name>
         <load_address>0x5a8</load_address>
         <readonly>true</readonly>
         <executable>true</executable>
         <run_address>0x5a8</run_address>
         <size>0x18</size>
         <alignment>0x4</alignment>
         <input_file_ref idref="fl-12"/>
      </object_component>
      <object_component id="oc-4b">
         <name>.text:decompress:ZI:__TI_zero_init_nomemset</name>
         <load_address>0x5c0</load_address>
         <readonly>true</readonly>
         <executable>true</executable>
         <run_address>0x5c0</run_address>
         <size>0x16</size>
         <alignment>0x2</alignment>
         <input_file_ref idref="fl-26"/>
      </object_component>
      <object_component id="oc-84">
         <name>.text.DL_Common_delayCycles</name>
         <load_address>0x5d6</load_address>
         <readonly>true</readonly>
         <executable>true</executable>
         <run_address>0x5d6</run_address>
         <size>0x14</size>
         <alignment>0x2</alignment>
         <input_file_ref idref="fl-11"/>
      </object_component>
      <object_component id="oc-20">
         <name>.text:decompress:none</name>
         <load_address>0x5ea</load_address>
         <readonly>true</readonly>
         <executable>true</executable>
         <run_address>0x5ea</run_address>
         <size>0x12</size>
         <alignment>0x2</alignment>
         <input_file_ref idref="fl-27"/>
      </object_component>
      <object_component id="oc-44">
         <name>.text.__aeabi_memcpy</name>
         <load_address>0x5fc</load_address>
         <readonly>true</readonly>
         <executable>true</executable>
         <run_address>0x5fc</run_address>
         <size>0x8</size>
         <alignment>0x4</alignment>
         <input_file_ref idref="fl-91"/>
      </object_component>
      <object_component id="oc-2f">
         <name>.text.Reset_Handler</name>
         <load_address>0x604</load_address>
         <readonly>true</readonly>
         <executable>true</executable>
         <run_address>0x604</run_address>
         <size>0x4</size>
         <alignment>0x2</alignment>
         <input_file_ref idref="fl-3"/>
      </object_component>
      <object_component id="oc-6b">
         <name>.text._system_pre_init</name>
         <load_address>0x608</load_address>
         <readonly>true</readonly>
         <executable>true</executable>
         <run_address>0x608</run_address>
         <size>0x4</size>
         <alignment>0x2</alignment>
         <input_file_ref idref="fl-24"/>
      </object_component>
      <object_component id="oc-8f">
         <name>.text:abort</name>
         <load_address>0x60c</load_address>
         <readonly>true</readonly>
         <executable>true</executable>
         <run_address>0x60c</run_address>
         <size>0x4</size>
         <alignment>0x2</alignment>
         <input_file_ref idref="fl-29"/>
      </object_component>
      <object_component id="oc-110">
         <name>.cinit..data.load</name>
         <load_address>0x628</load_address>
         <readonly>true</readonly>
         <run_address>0x628</run_address>
         <size>0x13</size>
         <alignment>0x1</alignment>
      </object_component>
      <object_component id="oc-10e">
         <name>__TI_handler_table</name>
         <load_address>0x63c</load_address>
         <readonly>true</readonly>
         <run_address>0x63c</run_address>
         <size>0xc</size>
         <alignment>0x4</alignment>
      </object_component>
      <object_component id="oc-111">
         <name>.cinit..bss.load</name>
         <load_address>0x648</load_address>
         <readonly>true</readonly>
         <run_address>0x648</run_address>
         <size>0x8</size>
         <alignment>0x4</alignment>
      </object_component>
      <object_component id="oc-10f">
         <name>__TI_cinit_table</name>
         <load_address>0x650</load_address>
         <readonly>true</readonly>
         <run_address>0x650</run_address>
         <size>0x10</size>
         <alignment>0x4</alignment>
      </object_component>
      <object_component id="oc-89">
         <name>.rodata.gTIMER_0TimerConfig</name>
         <load_address>0x610</load_address>
         <readonly>true</readonly>
         <run_address>0x610</run_address>
         <size>0x14</size>
         <alignment>0x4</alignment>
         <input_file_ref idref="fl-1"/>
      </object_component>
      <object_component id="oc-88">
         <name>.rodata.gTIMER_0ClockConfig</name>
         <load_address>0x624</load_address>
         <readonly>true</readonly>
         <run_address>0x624</run_address>
         <size>0x3</size>
         <alignment>0x1</alignment>
         <input_file_ref idref="fl-1"/>
      </object_component>
      <object_component id="oc-d8">
         <name>.binit</name>
         <load_address>0x0</load_address>
         <readonly>true</readonly>
         <run_address>0x0</run_address>
         <size>0x0</size>
         <alignment>0x4</alignment>
      </object_component>
      <object_component id="oc-87">
         <name>.data.TIMA0_CUSTOM</name>
         <load_address>0x202000c4</load_address>
         <readwrite>true</readwrite>
         <run_address>0x202000c4</run_address>
         <size>0x4</size>
         <alignment>0x4</alignment>
         <input_file_ref idref="fl-1"/>
      </object_component>
      <object_component id="oc-8c">
         <name>.data.GPIOB_CUSTOM</name>
         <load_address>0x202000c0</load_address>
         <readwrite>true</readwrite>
         <run_address>0x202000c0</run_address>
         <size>0x4</size>
         <alignment>0x4</alignment>
         <input_file_ref idref="fl-1"/>
      </object_component>
      <object_component id="oc-5e">
         <name>.data.GPIOA_CUSTOM</name>
         <load_address>0x202000bc</load_address>
         <readwrite>true</readwrite>
         <run_address>0x202000bc</run_address>
         <size>0x4</size>
         <alignment>0x4</alignment>
         <input_file_ref idref="fl-1"/>
      </object_component>
      <object_component id="oc-5c">
         <name>.data.uint_8_current_btn_state</name>
         <load_address>0x202000d0</load_address>
         <readwrite>true</readwrite>
         <run_address>0x202000d0</run_address>
         <size>0x1</size>
         <alignment>0x1</alignment>
         <input_file_ref idref="fl-1"/>
      </object_component>
      <object_component id="oc-8d">
         <name>.data.uint_8_stable_btn_state</name>
         <load_address>0x202000d2</load_address>
         <readwrite>true</readwrite>
         <run_address>0x202000d2</run_address>
         <size>0x1</size>
         <alignment>0x1</alignment>
         <input_file_ref idref="fl-1"/>
      </object_component>
      <object_component id="oc-5d">
         <name>.data.uint_8_previous_btn_state</name>
         <load_address>0x202000d1</load_address>
         <readwrite>true</readwrite>
         <run_address>0x202000d1</run_address>
         <size>0x1</size>
         <alignment>0x1</alignment>
         <input_file_ref idref="fl-1"/>
      </object_component>
      <object_component id="oc-5b">
         <name>.data.delay_counter</name>
         <load_address>0x202000c8</load_address>
         <readwrite>true</readwrite>
         <run_address>0x202000c8</run_address>
         <size>0x4</size>
         <alignment>0x4</alignment>
         <input_file_ref idref="fl-1"/>
      </object_component>
      <object_component id="oc-8e">
         <name>.data.on_count</name>
         <load_address>0x202000cc</load_address>
         <readwrite>true</readwrite>
         <run_address>0x202000cc</run_address>
         <size>0x4</size>
         <alignment>0x4</alignment>
         <input_file_ref idref="fl-1"/>
      </object_component>
      <object_component id="oc-8a">
         <name>.common:gTIMER_0Backup</name>
         <uninitialized>true</uninitialized>
         <readwrite>true</readwrite>
         <run_address>0x20200000</run_address>
         <size>0xbc</size>
         <alignment>0x4</alignment>
      </object_component>
      <object_component id="oc-1a">
         <name>.stack</name>
         <uninitialized>true</uninitialized>
         <readwrite>true</readwrite>
         <run_address>0x20207e00</run_address>
         <size>0x4</size>
         <alignment>0x4</alignment>
         <input_file_ref idref="fl-21"/>
      </object_component>
      <object_component id="oc-113">
         <name>.stack</name>
         <uninitialized>true</uninitialized>
         <readwrite>true</readwrite>
         <run_address>0x20207e00</run_address>
         <size>0x0</size>
         <alignment>0x8</alignment>
      </object_component>
      <object_component id="oc-61">
         <name>.debug_loc</name>
         <load_address>0x0</load_address>
         <run_address>0x0</run_address>
         <size>0x1ac</size>
         <alignment>0x1</alignment>
         <input_file_ref idref="fl-1"/>
      </object_component>
      <object_component id="oc-b7">
         <name>.debug_loc</name>
         <load_address>0x1ac</load_address>
         <run_address>0x1ac</run_address>
         <size>0x92</size>
         <alignment>0x1</alignment>
         <input_file_ref idref="fl-2"/>
      </object_component>
      <object_component id="oc-3f">
         <name>.debug_loc</name>
         <load_address>0x23e</load_address>
         <run_address>0x23e</run_address>
         <size>0xd8</size>
         <alignment>0x1</alignment>
         <input_file_ref idref="fl-21"/>
      </object_component>
      <object_component id="oc-99">
         <name>.debug_loc</name>
         <load_address>0x316</load_address>
         <run_address>0x316</run_address>
         <size>0x480</size>
         <alignment>0x1</alignment>
         <input_file_ref idref="fl-23"/>
      </object_component>
      <object_component id="oc-4f">
         <name>.debug_loc</name>
         <load_address>0x796</load_address>
         <run_address>0x796</run_address>
         <size>0x16c</size>
         <alignment>0x1</alignment>
         <input_file_ref idref="fl-26"/>
      </object_component>
      <object_component id="oc-4a">
         <name>.debug_loc</name>
         <load_address>0x902</load_address>
         <run_address>0x902</run_address>
         <size>0x6f</size>
         <alignment>0x1</alignment>
         <input_file_ref idref="fl-27"/>
      </object_component>
      <object_component id="oc-42">
         <name>.debug_loc</name>
         <load_address>0x971</load_address>
         <run_address>0x971</run_address>
         <size>0x166</size>
         <alignment>0x1</alignment>
         <input_file_ref idref="fl-28"/>
      </object_component>
      <object_component id="oc-95">
         <name>.debug_loc</name>
         <load_address>0xad7</load_address>
         <run_address>0xad7</run_address>
         <size>0x26</size>
         <alignment>0x1</alignment>
         <input_file_ref idref="fl-29"/>
      </object_component>
      <object_component id="oc-5f">
         <name>.debug_abbrev</name>
         <load_address>0x0</load_address>
         <run_address>0x0</run_address>
         <size>0x2c7</size>
         <alignment>0x1</alignment>
         <input_file_ref idref="fl-1"/>
      </object_component>
      <object_component id="oc-b3">
         <name>.debug_abbrev</name>
         <load_address>0x2c7</load_address>
         <run_address>0x2c7</run_address>
         <size>0x21d</size>
         <alignment>0x1</alignment>
         <input_file_ref idref="fl-2"/>
      </object_component>
      <object_component id="oc-39">
         <name>.debug_abbrev</name>
         <load_address>0x4e4</load_address>
         <run_address>0x4e4</run_address>
         <size>0x6d</size>
         <alignment>0x1</alignment>
         <input_file_ref idref="fl-3"/>
      </object_component>
      <object_component id="oc-3b">
         <name>.debug_abbrev</name>
         <load_address>0x551</load_address>
         <run_address>0x551</run_address>
         <size>0xaf</size>
         <alignment>0x1</alignment>
         <input_file_ref idref="fl-21"/>
      </object_component>
      <object_component id="oc-be">
         <name>.debug_abbrev</name>
         <load_address>0x600</load_address>
         <run_address>0x600</run_address>
         <size>0x186</size>
         <alignment>0x1</alignment>
         <input_file_ref idref="fl-23"/>
      </object_component>
      <object_component id="oc-82">
         <name>.debug_abbrev</name>
         <load_address>0x786</load_address>
         <run_address>0x786</run_address>
         <size>0x39</size>
         <alignment>0x1</alignment>
         <input_file_ref idref="fl-24"/>
      </object_component>
      <object_component id="oc-64">
         <name>.debug_abbrev</name>
         <load_address>0x7bf</load_address>
         <run_address>0x7bf</run_address>
         <size>0xc2</size>
         <alignment>0x1</alignment>
         <input_file_ref idref="fl-26"/>
      </object_component>
      <object_component id="oc-48">
         <name>.debug_abbrev</name>
         <load_address>0x881</load_address>
         <run_address>0x881</run_address>
         <size>0x70</size>
         <alignment>0x1</alignment>
         <input_file_ref idref="fl-27"/>
      </object_component>
      <object_component id="oc-40">
         <name>.debug_abbrev</name>
         <load_address>0x8f1</load_address>
         <run_address>0x8f1</run_address>
         <size>0x8d</size>
         <alignment>0x1</alignment>
         <input_file_ref idref="fl-28"/>
      </object_component>
      <object_component id="oc-b8">
         <name>.debug_abbrev</name>
         <load_address>0x97e</load_address>
         <run_address>0x97e</run_address>
         <size>0xb3</size>
         <alignment>0x1</alignment>
         <input_file_ref idref="fl-29"/>
      </object_component>
      <object_component id="oc-63">
         <name>.debug_abbrev</name>
         <load_address>0xa31</load_address>
         <run_address>0xa31</run_address>
         <size>0x27</size>
         <alignment>0x1</alignment>
         <input_file_ref idref="fl-91"/>
      </object_component>
      <object_component id="oc-a8">
         <name>.debug_abbrev</name>
         <load_address>0xa58</load_address>
         <run_address>0xa58</run_address>
         <size>0x25</size>
         <alignment>0x1</alignment>
         <input_file_ref idref="fl-93"/>
      </object_component>
      <object_component id="oc-115">
         <name>.debug_abbrev</name>
         <load_address>0xa7d</load_address>
         <run_address>0xa7d</run_address>
         <size>0xf</size>
         <alignment>0x0</alignment>
      </object_component>
      <object_component id="oc-35">
         <name>.debug_info</name>
         <load_address>0x0</load_address>
         <run_address>0x0</run_address>
         <size>0x34cd</size>
         <alignment>0x1</alignment>
         <input_file_ref idref="fl-1"/>
      </object_component>
      <object_component id="oc-8b">
         <name>.debug_info</name>
         <load_address>0x34cd</load_address>
         <run_address>0x34cd</run_address>
         <size>0x2bd1</size>
         <alignment>0x1</alignment>
         <input_file_ref idref="fl-2"/>
      </object_component>
      <object_component id="oc-19">
         <name>.debug_info</name>
         <load_address>0x609e</load_address>
         <run_address>0x609e</run_address>
         <size>0x80</size>
         <alignment>0x1</alignment>
         <input_file_ref idref="fl-3"/>
      </object_component>
      <object_component id="oc-1b">
         <name>.debug_info</name>
         <load_address>0x611e</load_address>
         <run_address>0x611e</run_address>
         <size>0x423</size>
         <alignment>0x1</alignment>
         <input_file_ref idref="fl-21"/>
      </object_component>
      <object_component id="oc-98">
         <name>.debug_info</name>
         <load_address>0x6541</load_address>
         <run_address>0x6541</run_address>
         <size>0x74a</size>
         <alignment>0x1</alignment>
         <input_file_ref idref="fl-23"/>
      </object_component>
      <object_component id="oc-6d">
         <name>.debug_info</name>
         <load_address>0x6c8b</load_address>
         <run_address>0x6c8b</run_address>
         <size>0x46</size>
         <alignment>0x1</alignment>
         <input_file_ref idref="fl-24"/>
      </object_component>
      <object_component id="oc-4d">
         <name>.debug_info</name>
         <load_address>0x6cd1</load_address>
         <run_address>0x6cd1</run_address>
         <size>0x192</size>
         <alignment>0x1</alignment>
         <input_file_ref idref="fl-26"/>
      </object_component>
      <object_component id="oc-21">
         <name>.debug_info</name>
         <load_address>0x6e63</load_address>
         <run_address>0x6e63</run_address>
         <size>0xc6</size>
         <alignment>0x1</alignment>
         <input_file_ref idref="fl-27"/>
      </object_component>
      <object_component id="oc-1f">
         <name>.debug_info</name>
         <load_address>0x6f29</load_address>
         <run_address>0x6f29</run_address>
         <size>0x180</size>
         <alignment>0x1</alignment>
         <input_file_ref idref="fl-28"/>
      </object_component>
      <object_component id="oc-91">
         <name>.debug_info</name>
         <load_address>0x70a9</load_address>
         <run_address>0x70a9</run_address>
         <size>0xed</size>
         <alignment>0x1</alignment>
         <input_file_ref idref="fl-29"/>
      </object_component>
      <object_component id="oc-45">
         <name>.debug_info</name>
         <load_address>0x7196</load_address>
         <run_address>0x7196</run_address>
         <size>0x19e</size>
         <alignment>0x1</alignment>
         <input_file_ref idref="fl-91"/>
      </object_component>
      <object_component id="oc-7c">
         <name>.debug_info</name>
         <load_address>0x7334</load_address>
         <run_address>0x7334</run_address>
         <size>0x2fa</size>
         <alignment>0x1</alignment>
         <input_file_ref idref="fl-93"/>
      </object_component>
      <object_component id="oc-114">
         <name>.debug_info</name>
         <load_address>0x762e</load_address>
         <run_address>0x762e</run_address>
         <size>0xa8</size>
         <alignment>0x0</alignment>
      </object_component>
      <object_component id="oc-36">
         <name>.debug_ranges</name>
         <load_address>0x0</load_address>
         <run_address>0x0</run_address>
         <size>0x70</size>
         <alignment>0x1</alignment>
         <input_file_ref idref="fl-1"/>
      </object_component>
      <object_component id="oc-b6">
         <name>.debug_ranges</name>
         <load_address>0x70</load_address>
         <run_address>0x70</run_address>
         <size>0x40</size>
         <alignment>0x1</alignment>
         <input_file_ref idref="fl-2"/>
      </object_component>
      <object_component id="oc-32">
         <name>.debug_ranges</name>
         <load_address>0xb0</load_address>
         <run_address>0xb0</run_address>
         <size>0x18</size>
         <alignment>0x1</alignment>
         <input_file_ref idref="fl-3"/>
      </object_component>
      <object_component id="oc-3e">
         <name>.debug_ranges</name>
         <load_address>0xc8</load_address>
         <run_address>0xc8</run_address>
         <size>0x48</size>
         <alignment>0x1</alignment>
         <input_file_ref idref="fl-21"/>
      </object_component>
      <object_component id="oc-97">
         <name>.debug_ranges</name>
         <load_address>0x110</load_address>
         <run_address>0x110</run_address>
         <size>0xa8</size>
         <alignment>0x1</alignment>
         <input_file_ref idref="fl-23"/>
      </object_component>
      <object_component id="oc-50">
         <name>.debug_ranges</name>
         <load_address>0x1b8</load_address>
         <run_address>0x1b8</run_address>
         <size>0x18</size>
         <alignment>0x1</alignment>
         <input_file_ref idref="fl-26"/>
      </object_component>
      <object_component id="oc-43">
         <name>.debug_ranges</name>
         <load_address>0x1d0</load_address>
         <run_address>0x1d0</run_address>
         <size>0x30</size>
         <alignment>0x1</alignment>
         <input_file_ref idref="fl-28"/>
      </object_component>
      <object_component id="oc-90">
         <name>.debug_ranges</name>
         <load_address>0x200</load_address>
         <run_address>0x200</run_address>
         <size>0x18</size>
         <alignment>0x1</alignment>
         <input_file_ref idref="fl-29"/>
      </object_component>
      <object_component id="oc-7e">
         <name>.debug_ranges</name>
         <load_address>0x218</load_address>
         <run_address>0x218</run_address>
         <size>0x28</size>
         <alignment>0x1</alignment>
         <input_file_ref idref="fl-93"/>
      </object_component>
      <object_component id="oc-60">
         <name>.debug_str</name>
         <load_address>0x0</load_address>
         <run_address>0x0</run_address>
         <size>0x206c</size>
         <alignment>0x1</alignment>
         <input_file_ref idref="fl-1"/>
      </object_component>
      <object_component id="oc-b4">
         <name>.debug_str</name>
         <load_address>0x206c</load_address>
         <run_address>0x206c</run_address>
         <size>0x1cd8</size>
         <alignment>0x1</alignment>
         <input_file_ref idref="fl-2"/>
      </object_component>
      <object_component id="oc-3a">
         <name>.debug_str</name>
         <load_address>0x3d44</load_address>
         <run_address>0x3d44</run_address>
         <size>0x15f</size>
         <alignment>0x1</alignment>
         <input_file_ref idref="fl-3"/>
      </object_component>
      <object_component id="oc-3c">
         <name>.debug_str</name>
         <load_address>0x3ea3</load_address>
         <run_address>0x3ea3</run_address>
         <size>0x225</size>
         <alignment>0x1</alignment>
         <input_file_ref idref="fl-21"/>
      </object_component>
      <object_component id="oc-bf">
         <name>.debug_str</name>
         <load_address>0x40c8</load_address>
         <run_address>0x40c8</run_address>
         <size>0x32f</size>
         <alignment>0x1</alignment>
         <input_file_ref idref="fl-23"/>
      </object_component>
      <object_component id="oc-83">
         <name>.debug_str</name>
         <load_address>0x43f7</load_address>
         <run_address>0x43f7</run_address>
         <size>0xf5</size>
         <alignment>0x1</alignment>
         <input_file_ref idref="fl-24"/>
      </object_component>
      <object_component id="oc-65">
         <name>.debug_str</name>
         <load_address>0x44ec</load_address>
         <run_address>0x44ec</run_address>
         <size>0x19b</size>
         <alignment>0x1</alignment>
         <input_file_ref idref="fl-26"/>
      </object_component>
      <object_component id="oc-49">
         <name>.debug_str</name>
         <load_address>0x4687</load_address>
         <run_address>0x4687</run_address>
         <size>0x168</size>
         <alignment>0x1</alignment>
         <input_file_ref idref="fl-27"/>
      </object_component>
      <object_component id="oc-41">
         <name>.debug_str</name>
         <load_address>0x47ef</load_address>
         <run_address>0x47ef</run_address>
         <size>0x1d5</size>
         <alignment>0x1</alignment>
         <input_file_ref idref="fl-28"/>
      </object_component>
      <object_component id="oc-b9">
         <name>.debug_str</name>
         <load_address>0x49c4</load_address>
         <run_address>0x49c4</run_address>
         <size>0x13f</size>
         <alignment>0x1</alignment>
         <input_file_ref idref="fl-29"/>
      </object_component>
      <object_component id="oc-38">
         <name>.debug_frame</name>
         <load_address>0x0</load_address>
         <run_address>0x0</run_address>
         <size>0x120</size>
         <alignment>0x4</alignment>
         <input_file_ref idref="fl-1"/>
      </object_component>
      <object_component id="oc-30">
         <name>.debug_frame</name>
         <load_address>0x120</load_address>
         <run_address>0x120</run_address>
         <size>0x30</size>
         <alignment>0x4</alignment>
         <input_file_ref idref="fl-3"/>
      </object_component>
      <object_component id="oc-53">
         <name>.debug_frame</name>
         <load_address>0x150</load_address>
         <run_address>0x150</run_address>
         <size>0x90</size>
         <alignment>0x4</alignment>
         <input_file_ref idref="fl-21"/>
      </object_component>
      <object_component id="oc-9b">
         <name>.debug_frame</name>
         <load_address>0x1e0</load_address>
         <run_address>0x1e0</run_address>
         <size>0x100</size>
         <alignment>0x4</alignment>
         <input_file_ref idref="fl-23"/>
      </object_component>
      <object_component id="oc-6e">
         <name>.debug_frame</name>
         <load_address>0x2e0</load_address>
         <run_address>0x2e0</run_address>
         <size>0x20</size>
         <alignment>0x4</alignment>
         <input_file_ref idref="fl-24"/>
      </object_component>
      <object_component id="oc-4e">
         <name>.debug_frame</name>
         <load_address>0x300</load_address>
         <run_address>0x300</run_address>
         <size>0x38</size>
         <alignment>0x4</alignment>
         <input_file_ref idref="fl-26"/>
      </object_component>
      <object_component id="oc-22">
         <name>.debug_frame</name>
         <load_address>0x338</load_address>
         <run_address>0x338</run_address>
         <size>0x28</size>
         <alignment>0x4</alignment>
         <input_file_ref idref="fl-27"/>
      </object_component>
      <object_component id="oc-1d">
         <name>.debug_frame</name>
         <load_address>0x360</load_address>
         <run_address>0x360</run_address>
         <size>0x30</size>
         <alignment>0x4</alignment>
         <input_file_ref idref="fl-28"/>
      </object_component>
      <object_component id="oc-93">
         <name>.debug_frame</name>
         <load_address>0x390</load_address>
         <run_address>0x390</run_address>
         <size>0x30</size>
         <alignment>0x4</alignment>
         <input_file_ref idref="fl-29"/>
      </object_component>
      <object_component id="oc-37">
         <name>.debug_line</name>
         <load_address>0x0</load_address>
         <run_address>0x0</run_address>
         <size>0x7ce</size>
         <alignment>0x1</alignment>
         <input_file_ref idref="fl-1"/>
      </object_component>
      <object_component id="oc-b5">
         <name>.debug_line</name>
         <load_address>0x7ce</load_address>
         <run_address>0x7ce</run_address>
         <size>0x43f</size>
         <alignment>0x1</alignment>
         <input_file_ref idref="fl-2"/>
      </object_component>
      <object_component id="oc-31">
         <name>.debug_line</name>
         <load_address>0xc0d</load_address>
         <run_address>0xc0d</run_address>
         <size>0xba</size>
         <alignment>0x1</alignment>
         <input_file_ref idref="fl-3"/>
      </object_component>
      <object_component id="oc-3d">
         <name>.debug_line</name>
         <load_address>0xcc7</load_address>
         <run_address>0xcc7</run_address>
         <size>0x1fe</size>
         <alignment>0x1</alignment>
         <input_file_ref idref="fl-21"/>
      </object_component>
      <object_component id="oc-9a">
         <name>.debug_line</name>
         <load_address>0xec5</load_address>
         <run_address>0xec5</run_address>
         <size>0x4fb</size>
         <alignment>0x1</alignment>
         <input_file_ref idref="fl-23"/>
      </object_component>
      <object_component id="oc-6c">
         <name>.debug_line</name>
         <load_address>0x13c0</load_address>
         <run_address>0x13c0</run_address>
         <size>0x3e</size>
         <alignment>0x1</alignment>
         <input_file_ref idref="fl-24"/>
      </object_component>
      <object_component id="oc-4c">
         <name>.debug_line</name>
         <load_address>0x13fe</load_address>
         <run_address>0x13fe</run_address>
         <size>0xf8</size>
         <alignment>0x1</alignment>
         <input_file_ref idref="fl-26"/>
      </object_component>
      <object_component id="oc-23">
         <name>.debug_line</name>
         <load_address>0x14f6</load_address>
         <run_address>0x14f6</run_address>
         <size>0xbf</size>
         <alignment>0x1</alignment>
         <input_file_ref idref="fl-27"/>
      </object_component>
      <object_component id="oc-1e">
         <name>.debug_line</name>
         <load_address>0x15b5</load_address>
         <run_address>0x15b5</run_address>
         <size>0x1c7</size>
         <alignment>0x1</alignment>
         <input_file_ref idref="fl-28"/>
      </object_component>
      <object_component id="oc-92">
         <name>.debug_line</name>
         <load_address>0x177c</load_address>
         <run_address>0x177c</run_address>
         <size>0x6b</size>
         <alignment>0x1</alignment>
         <input_file_ref idref="fl-29"/>
      </object_component>
      <object_component id="oc-47">
         <name>.debug_line</name>
         <load_address>0x17e7</load_address>
         <run_address>0x17e7</run_address>
         <size>0xa4</size>
         <alignment>0x1</alignment>
         <input_file_ref idref="fl-91"/>
      </object_component>
      <object_component id="oc-7b">
         <name>.debug_line</name>
         <load_address>0x188b</load_address>
         <run_address>0x188b</run_address>
         <size>0xa0</size>
         <alignment>0x1</alignment>
         <input_file_ref idref="fl-93"/>
      </object_component>
      <object_component id="oc-46">
         <name>.debug_aranges</name>
         <load_address>0x0</load_address>
         <run_address>0x0</run_address>
         <size>0x20</size>
         <alignment>0x1</alignment>
         <input_file_ref idref="fl-91"/>
      </object_component>
      <object_component id="oc-7d">
         <name>.debug_aranges</name>
         <load_address>0x20</load_address>
         <run_address>0x20</run_address>
         <size>0x28</size>
         <alignment>0x1</alignment>
         <input_file_ref idref="fl-93"/>
      </object_component>
   </object_component_list>
   <logical_group_list>
      <logical_group id="lg-2" display="no" color="cyan">
         <name>.intvecs</name>
         <load_address>0x0</load_address>
         <run_address>0x0</run_address>
         <size>0xc0</size>
         <contents>
            <object_component_ref idref="oc-18"/>
         </contents>
      </logical_group>
      <logical_group id="lg-3" display="no" color="cyan">
         <name>.text</name>
         <load_address>0xc0</load_address>
         <run_address>0xc0</run_address>
         <size>0x550</size>
         <contents>
            <object_component_ref idref="oc-6f"/>
            <object_component_ref idref="oc-86"/>
            <object_component_ref idref="oc-7f"/>
            <object_component_ref idref="oc-33"/>
            <object_component_ref idref="oc-1c"/>
            <object_component_ref idref="oc-b2"/>
            <object_component_ref idref="oc-96"/>
            <object_component_ref idref="oc-85"/>
            <object_component_ref idref="oc-34"/>
            <object_component_ref idref="oc-b1"/>
            <object_component_ref idref="oc-c5"/>
            <object_component_ref idref="oc-54"/>
            <object_component_ref idref="oc-b0"/>
            <object_component_ref idref="oc-af"/>
            <object_component_ref idref="oc-4b"/>
            <object_component_ref idref="oc-84"/>
            <object_component_ref idref="oc-20"/>
            <object_component_ref idref="oc-44"/>
            <object_component_ref idref="oc-2f"/>
            <object_component_ref idref="oc-6b"/>
            <object_component_ref idref="oc-8f"/>
         </contents>
      </logical_group>
      <logical_group id="lg-4" display="no" color="cyan">
         <name>.const</name>
         <run_address>0x0</run_address>
         <size>0x0</size>
         <contents>
         </contents>
      </logical_group>
      <logical_group id="lg-5" display="no" color="cyan">
         <name>.cinit</name>
         <load_address>0x628</load_address>
         <run_address>0x628</run_address>
         <size>0x38</size>
         <contents>
            <object_component_ref idref="oc-110"/>
            <object_component_ref idref="oc-10e"/>
            <object_component_ref idref="oc-111"/>
            <object_component_ref idref="oc-10f"/>
         </contents>
      </logical_group>
      <logical_group id="lg-6" display="no" color="cyan">
         <name>.pinit</name>
         <run_address>0x0</run_address>
         <size>0x0</size>
         <contents>
         </contents>
      </logical_group>
      <logical_group id="lg-7" display="no" color="cyan">
         <name>.rodata</name>
         <load_address>0x610</load_address>
         <run_address>0x610</run_address>
         <size>0x18</size>
         <contents>
            <object_component_ref idref="oc-89"/>
            <object_component_ref idref="oc-88"/>
         </contents>
      </logical_group>
      <logical_group id="lg-8" display="no" color="cyan">
         <name>.ARM.exidx</name>
         <run_address>0x0</run_address>
         <size>0x0</size>
         <contents>
         </contents>
      </logical_group>
      <logical_group id="lg-9" display="no" color="cyan">
         <name>.init_array</name>
         <run_address>0x0</run_address>
         <size>0x0</size>
         <contents>
         </contents>
      </logical_group>
      <logical_group id="lg-a" display="no" color="cyan">
         <name>.binit</name>
         <load_address>0x0</load_address>
         <run_address>0x0</run_address>
         <size>0x0</size>
         <contents>
            <object_component_ref idref="oc-d8"/>
         </contents>
      </logical_group>
      <logical_group id="lg-b" display="no" color="cyan">
         <name>.TI.ramfunc</name>
         <run_address>0x0</run_address>
         <size>0x0</size>
         <contents>
         </contents>
      </logical_group>
      <logical_group id="lg-c" display="no" color="cyan">
         <name>.vtable</name>
         <run_address>0x0</run_address>
         <size>0x0</size>
         <contents>
         </contents>
      </logical_group>
      <logical_group id="lg-d" display="no" color="cyan">
         <name>.args</name>
         <run_address>0x0</run_address>
         <size>0x0</size>
         <contents>
         </contents>
      </logical_group>
      <logical_group id="lg-e" display="no" color="cyan">
         <name>.data</name>
         <run_address>0x202000bc</run_address>
         <size>0x17</size>
         <contents>
            <object_component_ref idref="oc-87"/>
            <object_component_ref idref="oc-8c"/>
            <object_component_ref idref="oc-5e"/>
            <object_component_ref idref="oc-5c"/>
            <object_component_ref idref="oc-8d"/>
            <object_component_ref idref="oc-5d"/>
            <object_component_ref idref="oc-5b"/>
            <object_component_ref idref="oc-8e"/>
         </contents>
      </logical_group>
      <logical_group id="lg-f" display="no" color="cyan">
         <name>.bss</name>
         <run_address>0x20200000</run_address>
         <size>0xbc</size>
         <contents>
            <object_component_ref idref="oc-8a"/>
         </contents>
      </logical_group>
      <logical_group id="lg-10" display="no" color="cyan">
         <name>.sysmem</name>
         <run_address>0x0</run_address>
         <size>0x0</size>
         <contents>
         </contents>
      </logical_group>
      <logical_group id="lg-11" display="no" color="cyan">
         <name>.stack</name>
         <run_address>0x20207e00</run_address>
         <size>0x200</size>
         <contents>
            <object_component_ref idref="oc-1a"/>
            <object_component_ref idref="oc-113"/>
         </contents>
      </logical_group>
      <logical_group id="lg-12" display="no" color="cyan">
         <name>.BCRConfig</name>
         <run_address>0x0</run_address>
         <size>0x0</size>
         <contents>
         </contents>
      </logical_group>
      <logical_group id="lg-13" display="no" color="cyan">
         <name>.BSLConfig</name>
         <run_address>0x0</run_address>
         <size>0x0</size>
         <contents>
         </contents>
      </logical_group>
      <logical_group id="lg-cf" display="no" color="cyan">
         <name>.TI.noinit</name>
         <run_address>0x0</run_address>
         <size>0x0</size>
         <contents>
         </contents>
      </logical_group>
      <logical_group id="lg-d0" display="no" color="cyan">
         <name>.TI.persistent</name>
         <run_address>0x0</run_address>
         <size>0x0</size>
         <contents>
         </contents>
      </logical_group>
      <logical_group id="lg-d1" display="no" color="cyan">
         <name>.TI.local</name>
         <run_address>0x0</run_address>
         <size>0x0</size>
         <contents>
         </contents>
      </logical_group>
      <logical_group id="lg-d2" display="no" color="cyan">
         <name>.TI.onchip</name>
         <run_address>0x0</run_address>
         <size>0x0</size>
         <contents>
         </contents>
      </logical_group>
      <logical_group id="lg-d3" display="no" color="cyan">
         <name>.TI.offchip</name>
         <run_address>0x0</run_address>
         <size>0x0</size>
         <contents>
         </contents>
      </logical_group>
      <logical_group id="lg-d4" display="no" color="cyan">
         <name>__llvm_prf_cnts</name>
         <run_address>0x20200000</run_address>
         <size>0x0</size>
         <contents>
         </contents>
      </logical_group>
      <logical_group id="lg-d6" display="no" color="cyan">
         <name>__llvm_prf_bits</name>
         <run_address>0x20200000</run_address>
         <size>0x0</size>
         <contents>
         </contents>
      </logical_group>
      <logical_group id="lg-f2" display="never" color="cyan">
         <name>.debug_loc</name>
         <load_address>0x0</load_address>
         <run_address>0x0</run_address>
         <size>0xafd</size>
         <contents>
            <object_component_ref idref="oc-61"/>
            <object_component_ref idref="oc-b7"/>
            <object_component_ref idref="oc-3f"/>
            <object_component_ref idref="oc-99"/>
            <object_component_ref idref="oc-4f"/>
            <object_component_ref idref="oc-4a"/>
            <object_component_ref idref="oc-42"/>
            <object_component_ref idref="oc-95"/>
         </contents>
      </logical_group>
      <logical_group id="lg-f4" display="never" color="cyan">
         <name>.debug_abbrev</name>
         <load_address>0x0</load_address>
         <run_address>0x0</run_address>
         <size>0xa8c</size>
         <contents>
            <object_component_ref idref="oc-5f"/>
            <object_component_ref idref="oc-b3"/>
            <object_component_ref idref="oc-39"/>
            <object_component_ref idref="oc-3b"/>
            <object_component_ref idref="oc-be"/>
            <object_component_ref idref="oc-82"/>
            <object_component_ref idref="oc-64"/>
            <object_component_ref idref="oc-48"/>
            <object_component_ref idref="oc-40"/>
            <object_component_ref idref="oc-b8"/>
            <object_component_ref idref="oc-63"/>
            <object_component_ref idref="oc-a8"/>
            <object_component_ref idref="oc-115"/>
         </contents>
      </logical_group>
      <logical_group id="lg-f6" display="never" color="cyan">
         <name>.debug_info</name>
         <load_address>0x0</load_address>
         <run_address>0x0</run_address>
         <size>0x76d6</size>
         <contents>
            <object_component_ref idref="oc-35"/>
            <object_component_ref idref="oc-8b"/>
            <object_component_ref idref="oc-19"/>
            <object_component_ref idref="oc-1b"/>
            <object_component_ref idref="oc-98"/>
            <object_component_ref idref="oc-6d"/>
            <object_component_ref idref="oc-4d"/>
            <object_component_ref idref="oc-21"/>
            <object_component_ref idref="oc-1f"/>
            <object_component_ref idref="oc-91"/>
            <object_component_ref idref="oc-45"/>
            <object_component_ref idref="oc-7c"/>
            <object_component_ref idref="oc-114"/>
         </contents>
      </logical_group>
      <logical_group id="lg-f8" display="never" color="cyan">
         <name>.debug_ranges</name>
         <load_address>0x0</load_address>
         <run_address>0x0</run_address>
         <size>0x240</size>
         <contents>
            <object_component_ref idref="oc-36"/>
            <object_component_ref idref="oc-b6"/>
            <object_component_ref idref="oc-32"/>
            <object_component_ref idref="oc-3e"/>
            <object_component_ref idref="oc-97"/>
            <object_component_ref idref="oc-50"/>
            <object_component_ref idref="oc-43"/>
            <object_component_ref idref="oc-90"/>
            <object_component_ref idref="oc-7e"/>
         </contents>
      </logical_group>
      <logical_group id="lg-fa" display="never" color="cyan">
         <name>.debug_str</name>
         <load_address>0x0</load_address>
         <run_address>0x0</run_address>
         <size>0x4b03</size>
         <contents>
            <object_component_ref idref="oc-60"/>
            <object_component_ref idref="oc-b4"/>
            <object_component_ref idref="oc-3a"/>
            <object_component_ref idref="oc-3c"/>
            <object_component_ref idref="oc-bf"/>
            <object_component_ref idref="oc-83"/>
            <object_component_ref idref="oc-65"/>
            <object_component_ref idref="oc-49"/>
            <object_component_ref idref="oc-41"/>
            <object_component_ref idref="oc-b9"/>
         </contents>
      </logical_group>
      <logical_group id="lg-fc" display="never" color="cyan">
         <name>.debug_frame</name>
         <load_address>0x0</load_address>
         <run_address>0x0</run_address>
         <size>0x3c0</size>
         <contents>
            <object_component_ref idref="oc-38"/>
            <object_component_ref idref="oc-30"/>
            <object_component_ref idref="oc-53"/>
            <object_component_ref idref="oc-9b"/>
            <object_component_ref idref="oc-6e"/>
            <object_component_ref idref="oc-4e"/>
            <object_component_ref idref="oc-22"/>
            <object_component_ref idref="oc-1d"/>
            <object_component_ref idref="oc-93"/>
         </contents>
      </logical_group>
      <logical_group id="lg-fe" display="never" color="cyan">
         <name>.debug_line</name>
         <load_address>0x0</load_address>
         <run_address>0x0</run_address>
         <size>0x192b</size>
         <contents>
            <object_component_ref idref="oc-37"/>
            <object_component_ref idref="oc-b5"/>
            <object_component_ref idref="oc-31"/>
            <object_component_ref idref="oc-3d"/>
            <object_component_ref idref="oc-9a"/>
            <object_component_ref idref="oc-6c"/>
            <object_component_ref idref="oc-4c"/>
            <object_component_ref idref="oc-23"/>
            <object_component_ref idref="oc-1e"/>
            <object_component_ref idref="oc-92"/>
            <object_component_ref idref="oc-47"/>
            <object_component_ref idref="oc-7b"/>
         </contents>
      </logical_group>
      <logical_group id="lg-108" display="never" color="cyan">
         <name>.debug_aranges</name>
         <load_address>0x0</load_address>
         <run_address>0x0</run_address>
         <size>0x48</size>
         <contents>
            <object_component_ref idref="oc-46"/>
            <object_component_ref idref="oc-7d"/>
         </contents>
      </logical_group>
      <logical_group id="lg-112" display="no" color="cyan">
         <name>Veneer$$CMSE</name>
         <run_address>0x0</run_address>
         <size>0x0</size>
         <contents>
         </contents>
      </logical_group>
      <load_segment id="lg-118" display="no" color="cyan">
         <name>SEGMENT_0</name>
         <load_address>0x0</load_address>
         <run_address>0x0</run_address>
         <size>0x660</size>
         <flags>0x5</flags>
         <contents>
            <logical_group_ref idref="lg-2"/>
            <logical_group_ref idref="lg-3"/>
            <logical_group_ref idref="lg-7"/>
            <logical_group_ref idref="lg-5"/>
         </contents>
      </load_segment>
      <load_segment id="lg-119" display="no" color="cyan">
         <name>SEGMENT_1</name>
         <run_address>0x20200000</run_address>
         <size>0xd3</size>
         <flags>0x6</flags>
         <contents>
            <logical_group_ref idref="lg-f"/>
            <logical_group_ref idref="lg-e"/>
         </contents>
      </load_segment>
      <load_segment id="lg-11a" display="no" color="cyan">
         <name>SEGMENT_2</name>
         <run_address>0x20207e00</run_address>
         <size>0x200</size>
         <flags>0x6</flags>
         <contents>
            <logical_group_ref idref="lg-11"/>
         </contents>
      </load_segment>
   </logical_group_list>
   <placement_map>
      <memory_area display="yes" color="green">
         <name>FLASH</name>
         <page_id>0x0</page_id>
         <origin>0x0</origin>
         <length>0x20000</length>
         <used_space>0x660</used_space>
         <unused_space>0x1f9a0</unused_space>
         <attributes>RX</attributes>
         <usage_details>
            <allocated_space>
               <start_address>0x0</start_address>
               <size>0x0</size>
               <logical_group_ref idref="lg-a"/>
            </allocated_space>
            <allocated_space>
               <start_address>0x0</start_address>
               <size>0xc0</size>
               <logical_group_ref idref="lg-2"/>
            </allocated_space>
            <allocated_space>
               <start_address>0xc0</start_address>
               <size>0x550</size>
               <logical_group_ref idref="lg-3"/>
            </allocated_space>
            <allocated_space>
               <start_address>0x610</start_address>
               <size>0x18</size>
               <logical_group_ref idref="lg-7"/>
            </allocated_space>
            <allocated_space>
               <start_address>0x628</start_address>
               <size>0x38</size>
               <logical_group_ref idref="lg-5"/>
            </allocated_space>
            <available_space>
               <start_address>0x660</start_address>
               <size>0x1f9a0</size>
            </available_space>
         </usage_details>
      </memory_area>
      <memory_area display="yes" color="green">
         <name>SRAM</name>
         <page_id>0x0</page_id>
         <origin>0x20200000</origin>
         <length>0x8000</length>
         <used_space>0x2d3</used_space>
         <unused_space>0x7d2d</unused_space>
         <attributes>RWX</attributes>
         <usage_details>
            <allocated_space>
               <start_address>0x20200000</start_address>
               <size>0x0</size>
               <logical_group_ref idref="lg-d4"/>
            </allocated_space>
            <allocated_space>
               <start_address>0x20200000</start_address>
               <size>0x0</size>
               <logical_group_ref idref="lg-d6"/>
            </allocated_space>
            <allocated_space>
               <start_address>0x20200000</start_address>
               <size>0xbc</size>
               <logical_group_ref idref="lg-f"/>
            </allocated_space>
            <allocated_space>
               <start_address>0x202000bc</start_address>
               <size>0x17</size>
               <logical_group_ref idref="lg-e"/>
            </allocated_space>
            <available_space>
               <start_address>0x202000d3</start_address>
               <size>0x7d2d</size>
            </available_space>
            <allocated_space>
               <start_address>0x20207e00</start_address>
               <size>0x200</size>
               <logical_group_ref idref="lg-11"/>
            </allocated_space>
         </usage_details>
      </memory_area>
      <memory_area display="yes" color="green">
         <name>BCR_CONFIG</name>
         <page_id>0x0</page_id>
         <origin>0x41c00000</origin>
         <length>0x80</length>
         <used_space>0x0</used_space>
         <unused_space>0x80</unused_space>
         <attributes>R</attributes>
         <usage_details>
         </usage_details>
      </memory_area>
      <memory_area display="yes" color="green">
         <name>BSL_CONFIG</name>
         <page_id>0x0</page_id>
         <origin>0x41c00100</origin>
         <length>0x80</length>
         <used_space>0x0</used_space>
         <unused_space>0x80</unused_space>
         <attributes>R</attributes>
         <usage_details>
         </usage_details>
      </memory_area>
   </placement_map>
   <cptbl_list>
      <cptbl>
         <name>__TI_cinit_table</name>
         <cprec>
            <name>.data</name>
            <load_address>0x628</load_address>
            <load_size>0x13</load_size>
            <run_address>0x202000bc</run_address>
            <run_size>0x17</run_size>
            <compression>lzss</compression>
         </cprec>
         <cprec>
            <name>.bss</name>
            <load_address>0x648</load_address>
            <load_size>0x8</load_size>
            <run_address>0x20200000</run_address>
            <run_size>0xbc</run_size>
            <compression>zero_init</compression>
         </cprec>
      </cptbl>
   </cptbl_list>
   <handler_table>
      <handler_table_name>__TI_handler_table</handler_table_name>
      <handler>
         <index>0x0</index>
         <name>__TI_decompress_lzss</name>
      </handler>
      <handler>
         <index>0x1</index>
         <name>__TI_decompress_none</name>
      </handler>
      <handler>
         <index>0x2</index>
         <name>__TI_zero_init</name>
      </handler>
   </handler_table>
   <symbol_table>
      <symbol id="sm-1">
         <name>__start___llvm_prf_cnts</name>
         <value>0x20200000</value>
      </symbol>
      <symbol id="sm-2">
         <name>__stop___llvm_prf_cnts</name>
         <value>0x20200000</value>
      </symbol>
      <symbol id="sm-3">
         <name>__start___llvm_prf_bits</name>
         <value>0x20200000</value>
      </symbol>
      <symbol id="sm-4">
         <name>__stop___llvm_prf_bits</name>
         <value>0x20200000</value>
      </symbol>
      <symbol id="sm-5">
         <name>__TI_CINIT_Base</name>
         <value>0x650</value>
      </symbol>
      <symbol id="sm-6">
         <name>__TI_CINIT_Limit</name>
         <value>0x660</value>
      </symbol>
      <symbol id="sm-7">
         <name>__TI_CINIT_Warm</name>
         <value>0x660</value>
      </symbol>
      <symbol id="sm-8">
         <name>__TI_Handler_Table_Base</name>
         <value>0x63c</value>
      </symbol>
      <symbol id="sm-9">
         <name>__TI_Handler_Table_Limit</name>
         <value>0x648</value>
      </symbol>
      <symbol id="sm-a">
         <name>binit</name>
         <value>0xffffffff</value>
      </symbol>
      <symbol id="sm-b">
         <name>__binit__</name>
         <value>0xffffffff</value>
      </symbol>
      <symbol id="sm-c">
         <name>__STACK_SIZE</name>
         <value>0x200</value>
      </symbol>
      <symbol id="sm-d">
         <name>__STACK_END</name>
         <value>0x20208000</value>
      </symbol>
      <symbol id="sm-e">
         <name>__TI_pprof_out_hndl</name>
         <value>0xffffffff</value>
      </symbol>
      <symbol id="sm-f">
         <name>__TI_prof_data_start</name>
         <value>0xffffffff</value>
      </symbol>
      <symbol id="sm-10">
         <name>__TI_prof_data_size</name>
         <value>0xffffffff</value>
      </symbol>
      <symbol id="sm-44">
         <name>uint_8_previous_btn_state</name>
         <value>0x202000d1</value>
         <object_component_ref idref="oc-5d"/>
      </symbol>
      <symbol id="sm-45">
         <name>uint_8_current_btn_state</name>
         <value>0x202000d0</value>
         <object_component_ref idref="oc-5c"/>
      </symbol>
      <symbol id="sm-46">
         <name>uint_8_stable_btn_state</name>
         <value>0x202000d2</value>
         <object_component_ref idref="oc-8d"/>
      </symbol>
      <symbol id="sm-47">
         <name>main</name>
         <value>0xc1</value>
         <object_component_ref idref="oc-6f"/>
      </symbol>
      <symbol id="sm-48">
         <name>TIMA0_CUSTOM</name>
         <value>0x202000c4</value>
         <object_component_ref idref="oc-87"/>
      </symbol>
      <symbol id="sm-49">
         <name>gTIMER_0Backup</name>
         <value>0x20200000</value>
      </symbol>
      <symbol id="sm-4a">
         <name>GPIOB_CUSTOM</name>
         <value>0x202000c0</value>
         <object_component_ref idref="oc-8c"/>
      </symbol>
      <symbol id="sm-4b">
         <name>delay_counter</name>
         <value>0x202000c8</value>
         <object_component_ref idref="oc-5b"/>
      </symbol>
      <symbol id="sm-4c">
         <name>on_count</name>
         <value>0x202000cc</value>
         <object_component_ref idref="oc-8e"/>
      </symbol>
      <symbol id="sm-4d">
         <name>TIMA0_IRQHandler</name>
         <value>0x4d9</value>
         <object_component_ref idref="oc-34"/>
      </symbol>
      <symbol id="sm-4e">
         <name>GPIOA_CUSTOM</name>
         <value>0x202000bc</value>
         <object_component_ref idref="oc-5e"/>
      </symbol>
      <symbol id="sm-5f">
         <name>Default_Handler</name>
         <value>0x3b3</value>
         <object_component_ref idref="oc-33"/>
      </symbol>
      <symbol id="sm-60">
         <name>Reset_Handler</name>
         <value>0x605</value>
         <object_component_ref idref="oc-2f"/>
      </symbol>
      <symbol id="sm-61">
         <name>interruptVectors</name>
         <value>0x0</value>
         <object_component_ref idref="oc-18"/>
      </symbol>
      <symbol id="sm-62">
         <name>NMI_Handler</name>
         <value>0x3b3</value>
         <object_component_ref idref="oc-33"/>
      </symbol>
      <symbol id="sm-63">
         <name>HardFault_Handler</name>
         <value>0x3b3</value>
         <object_component_ref idref="oc-33"/>
      </symbol>
      <symbol id="sm-64">
         <name>SVC_Handler</name>
         <value>0x3b3</value>
         <object_component_ref idref="oc-33"/>
      </symbol>
      <symbol id="sm-65">
         <name>PendSV_Handler</name>
         <value>0x3b3</value>
         <object_component_ref idref="oc-33"/>
      </symbol>
      <symbol id="sm-66">
         <name>SysTick_Handler</name>
         <value>0x3b3</value>
         <object_component_ref idref="oc-33"/>
      </symbol>
      <symbol id="sm-67">
         <name>GROUP0_IRQHandler</name>
         <value>0x3b3</value>
         <object_component_ref idref="oc-33"/>
      </symbol>
      <symbol id="sm-68">
         <name>GROUP1_IRQHandler</name>
         <value>0x3b3</value>
         <object_component_ref idref="oc-33"/>
      </symbol>
      <symbol id="sm-69">
         <name>TIMG8_IRQHandler</name>
         <value>0x3b3</value>
         <object_component_ref idref="oc-33"/>
      </symbol>
      <symbol id="sm-6a">
         <name>UART3_IRQHandler</name>
         <value>0x3b3</value>
         <object_component_ref idref="oc-33"/>
      </symbol>
      <symbol id="sm-6b">
         <name>ADC0_IRQHandler</name>
         <value>0x3b3</value>
         <object_component_ref idref="oc-33"/>
      </symbol>
      <symbol id="sm-6c">
         <name>ADC1_IRQHandler</name>
         <value>0x3b3</value>
         <object_component_ref idref="oc-33"/>
      </symbol>
      <symbol id="sm-6d">
         <name>CANFD0_IRQHandler</name>
         <value>0x3b3</value>
         <object_component_ref idref="oc-33"/>
      </symbol>
      <symbol id="sm-6e">
         <name>DAC0_IRQHandler</name>
         <value>0x3b3</value>
         <object_component_ref idref="oc-33"/>
      </symbol>
      <symbol id="sm-6f">
         <name>SPI0_IRQHandler</name>
         <value>0x3b3</value>
         <object_component_ref idref="oc-33"/>
      </symbol>
      <symbol id="sm-70">
         <name>SPI1_IRQHandler</name>
         <value>0x3b3</value>
         <object_component_ref idref="oc-33"/>
      </symbol>
      <symbol id="sm-71">
         <name>UART1_IRQHandler</name>
         <value>0x3b3</value>
         <object_component_ref idref="oc-33"/>
      </symbol>
      <symbol id="sm-72">
         <name>UART2_IRQHandler</name>
         <value>0x3b3</value>
         <object_component_ref idref="oc-33"/>
      </symbol>
      <symbol id="sm-73">
         <name>UART0_IRQHandler</name>
         <value>0x3b3</value>
         <object_component_ref idref="oc-33"/>
      </symbol>
      <symbol id="sm-74">
         <name>TIMG0_IRQHandler</name>
         <value>0x3b3</value>
         <object_component_ref idref="oc-33"/>
      </symbol>
      <symbol id="sm-75">
         <name>TIMG6_IRQHandler</name>
         <value>0x3b3</value>
         <object_component_ref idref="oc-33"/>
      </symbol>
      <symbol id="sm-76">
         <name>TIMA1_IRQHandler</name>
         <value>0x3b3</value>
         <object_component_ref idref="oc-33"/>
      </symbol>
      <symbol id="sm-77">
         <name>TIMG7_IRQHandler</name>
         <value>0x3b3</value>
         <object_component_ref idref="oc-33"/>
      </symbol>
      <symbol id="sm-78">
         <name>TIMG12_IRQHandler</name>
         <value>0x3b3</value>
         <object_component_ref idref="oc-33"/>
      </symbol>
      <symbol id="sm-79">
         <name>I2C0_IRQHandler</name>
         <value>0x3b3</value>
         <object_component_ref idref="oc-33"/>
      </symbol>
      <symbol id="sm-7a">
         <name>I2C1_IRQHandler</name>
         <value>0x3b3</value>
         <object_component_ref idref="oc-33"/>
      </symbol>
      <symbol id="sm-7b">
         <name>AES_IRQHandler</name>
         <value>0x3b3</value>
         <object_component_ref idref="oc-33"/>
      </symbol>
      <symbol id="sm-7c">
         <name>RTC_IRQHandler</name>
         <value>0x3b3</value>
         <object_component_ref idref="oc-33"/>
      </symbol>
      <symbol id="sm-7d">
         <name>DMA_IRQHandler</name>
         <value>0x3b3</value>
         <object_component_ref idref="oc-33"/>
      </symbol>
      <symbol id="sm-7e">
         <name>__TI_ATRegion0_src_addr</name>
         <value>0x0</value>
      </symbol>
      <symbol id="sm-7f">
         <name>__TI_ATRegion0_trg_addr</name>
         <value>0x0</value>
      </symbol>
      <symbol id="sm-80">
         <name>__TI_ATRegion0_region_sz</name>
         <value>0x0</value>
      </symbol>
      <symbol id="sm-81">
         <name>__TI_ATRegion1_src_addr</name>
         <value>0x0</value>
      </symbol>
      <symbol id="sm-82">
         <name>__TI_ATRegion1_trg_addr</name>
         <value>0x0</value>
      </symbol>
      <symbol id="sm-83">
         <name>__TI_ATRegion1_region_sz</name>
         <value>0x0</value>
      </symbol>
      <symbol id="sm-84">
         <name>__TI_ATRegion2_src_addr</name>
         <value>0x0</value>
      </symbol>
      <symbol id="sm-85">
         <name>__TI_ATRegion2_trg_addr</name>
         <value>0x0</value>
      </symbol>
      <symbol id="sm-86">
         <name>__TI_ATRegion2_region_sz</name>
         <value>0x0</value>
      </symbol>
      <symbol id="sm-89">
         <name>DL_Common_delayCycles</name>
         <value>0x5d7</value>
         <object_component_ref idref="oc-84"/>
      </symbol>
      <symbol id="sm-9e">
         <name>DL_Timer_setClockConfig</name>
         <value>0x4a5</value>
         <object_component_ref idref="oc-85"/>
      </symbol>
      <symbol id="sm-9f">
         <name>DL_Timer_initTimerMode</name>
         <value>0x219</value>
         <object_component_ref idref="oc-86"/>
      </symbol>
      <symbol id="sm-a0">
         <name>DL_Timer_setCaptureCompareValue</name>
         <value>0x50d</value>
         <object_component_ref idref="oc-b1"/>
      </symbol>
      <symbol id="sm-a1">
         <name>DL_Timer_setCaptureCompareCtl</name>
         <value>0x42d</value>
         <object_component_ref idref="oc-b2"/>
      </symbol>
      <symbol id="sm-ac">
         <name>_c_int00_noargs</name>
         <value>0x561</value>
         <object_component_ref idref="oc-54"/>
      </symbol>
      <symbol id="sm-ad">
         <name>__stack</name>
         <value>0x20207e00</value>
         <object_component_ref idref="oc-1a"/>
      </symbol>
      <symbol id="sm-b9">
         <name>__TI_auto_init_nobinit_nopinit</name>
         <value>0x469</value>
         <object_component_ref idref="oc-96"/>
      </symbol>
      <symbol id="sm-c1">
         <name>_system_pre_init</name>
         <value>0x609</value>
         <object_component_ref idref="oc-6b"/>
      </symbol>
      <symbol id="sm-cc">
         <name>__TI_zero_init_nomemset</name>
         <value>0x5c1</value>
         <object_component_ref idref="oc-4b"/>
      </symbol>
      <symbol id="sm-d5">
         <name>__TI_decompress_none</name>
         <value>0x5eb</value>
         <object_component_ref idref="oc-20"/>
      </symbol>
      <symbol id="sm-e0">
         <name>__TI_decompress_lzss</name>
         <value>0x3b5</value>
         <object_component_ref idref="oc-1c"/>
      </symbol>
      <symbol id="sm-ea">
         <name>abort</name>
         <value>0x60d</value>
         <object_component_ref idref="oc-8f"/>
      </symbol>
      <symbol id="sm-eb">
         <name>C$$EXIT</name>
         <value>0x60c</value>
         <object_component_ref idref="oc-8f"/>
      </symbol>
      <symbol id="sm-f3">
         <name>__aeabi_memcpy</name>
         <value>0x5fd</value>
         <object_component_ref idref="oc-44"/>
      </symbol>
      <symbol id="sm-f4">
         <name>__aeabi_memcpy4</name>
         <value>0x5fd</value>
         <object_component_ref idref="oc-44"/>
      </symbol>
      <symbol id="sm-f5">
         <name>__aeabi_memcpy8</name>
         <value>0x5fd</value>
         <object_component_ref idref="oc-44"/>
      </symbol>
      <symbol id="sm-10e">
         <name>memcpy</name>
         <value>0x319</value>
         <object_component_ref idref="oc-7f"/>
      </symbol>
      <symbol id="sm-10f">
         <name>__TI_static_base__</name>
         <value>0x0</value>
      </symbol>
      <symbol id="sm-112">
         <name>__mpu_init</name>
         <value>0x0</value>
      </symbol>
      <symbol id="sm-113">
         <name>_system_post_cinit</name>
         <value>0x0</value>
      </symbol>
   </symbol_table>
   <title>Link successful</title>
</link_info>
