<?xml version="1.0" encoding="ISO-8859-1" ?>
<link_info>
   <banner>TI ARM Clang Linker PC v3.2.2.LTS</banner>
   <copyright>Copyright (c) 1996-2018 Texas Instruments Incorporated</copyright>
   <link_time>0x66a9dee5</link_time>
   <link_errors>0x0</link_errors>
   <output_file>C:\Users\Admin\workspace_v12\EXAM\Assignment_1\Debug\Assignment_1.out</output_file>
   <entry_point>
      <name>_c_int00_noargs</name>
      <address>0x2d9</address>
   </entry_point>
   <input_file_list>
      <input_file id="fl-1">
         <path>C:\Users\Admin\workspace_v12\EXAM\Assignment_1\Debug\.\</path>
         <kind>object</kind>
         <file>empty.o</file>
         <name>empty.o</name>
      </input_file>
      <input_file id="fl-2">
         <path>C:\Users\Admin\workspace_v12\EXAM\Assignment_1\Debug\.\</path>
         <kind>object</kind>
         <file>ti_msp_dl_config.o</file>
         <name>ti_msp_dl_config.o</name>
      </input_file>
      <input_file id="fl-3">
         <path>C:\Users\Admin\workspace_v12\EXAM\Assignment_1\Debug\.\</path>
         <kind>object</kind>
         <file>startup_mspm0g350x_ticlang.o</file>
         <name>startup_mspm0g350x_ticlang.o</name>
      </input_file>
      <input_file id="fl-10">
         <path>C:\Users\Admin\workspace_v12\EXAM\Assignment_1\Debug\</path>
         <kind>object</kind>
         <file>&lt;internal&gt;</file>
         <name>&lt;internal&gt;</name>
      </input_file>
      <input_file id="fl-11">
         <path>C:\ti\mspm0_sdk_2_01_00_03\source\ti\driverlib\lib\ticlang\m0p\mspm0g1x0x_g3x0x\</path>
         <kind>archive</kind>
         <file>driverlib.a</file>
         <name>dl_common.o</name>
      </input_file>
      <input_file id="fl-20">
         <path>C:\ti\ccs1271\ccs\tools\compiler\ti-cgt-armllvm_3.2.2.LTS\lib\armv6m-ti-none-eabi\c\</path>
         <kind>archive</kind>
         <file>libc.a</file>
         <name>boot_cortex_m.c.obj</name>
      </input_file>
      <input_file id="fl-21">
         <path>C:\ti\ccs1271\ccs\tools\compiler\ti-cgt-armllvm_3.2.2.LTS\lib\armv6m-ti-none-eabi\c\</path>
         <kind>archive</kind>
         <file>libc.a</file>
         <name>mathacl_init.c.obj</name>
      </input_file>
      <input_file id="fl-22">
         <path>C:\ti\ccs1271\ccs\tools\compiler\ti-cgt-armllvm_3.2.2.LTS\lib\armv6m-ti-none-eabi\c\</path>
         <kind>archive</kind>
         <file>libc.a</file>
         <name>autoinit.c.obj</name>
      </input_file>
      <input_file id="fl-23">
         <path>C:\ti\ccs1271\ccs\tools\compiler\ti-cgt-armllvm_3.2.2.LTS\lib\armv6m-ti-none-eabi\c\</path>
         <kind>archive</kind>
         <file>libc.a</file>
         <name>pre_init.c.obj</name>
      </input_file>
      <input_file id="fl-24">
         <path>C:\ti\ccs1271\ccs\tools\compiler\ti-cgt-armllvm_3.2.2.LTS\lib\armv6m-ti-none-eabi\c\</path>
         <kind>archive</kind>
         <file>libc.a</file>
         <name>cpy_tbl.c.obj</name>
      </input_file>
      <input_file id="fl-25">
         <path>C:\ti\ccs1271\ccs\tools\compiler\ti-cgt-armllvm_3.2.2.LTS\lib\armv6m-ti-none-eabi\c\</path>
         <kind>archive</kind>
         <file>libc.a</file>
         <name>copy_zero_init.c.obj</name>
      </input_file>
      <input_file id="fl-26">
         <path>C:\ti\ccs1271\ccs\tools\compiler\ti-cgt-armllvm_3.2.2.LTS\lib\armv6m-ti-none-eabi\c\</path>
         <kind>archive</kind>
         <file>libc.a</file>
         <name>copy_decompress_none.c.obj</name>
      </input_file>
      <input_file id="fl-27">
         <path>C:\ti\ccs1271\ccs\tools\compiler\ti-cgt-armllvm_3.2.2.LTS\lib\armv6m-ti-none-eabi\c\</path>
         <kind>archive</kind>
         <file>libc.a</file>
         <name>copy_decompress_lzss.c.obj</name>
      </input_file>
      <input_file id="fl-28">
         <path>C:\ti\ccs1271\ccs\tools\compiler\ti-cgt-armllvm_3.2.2.LTS\lib\armv6m-ti-none-eabi\c\</path>
         <kind>archive</kind>
         <file>libc.a</file>
         <name>exit.c.obj</name>
      </input_file>
      <input_file id="fl-29">
         <path>C:\ti\ccs1271\ccs\tools\compiler\ti-cgt-armllvm_3.2.2.LTS\lib\armv6m-ti-none-eabi\c\</path>
         <kind>archive</kind>
         <file>libc.a</file>
         <name>_lock.c.obj</name>
      </input_file>
      <input_file id="fl-2a">
         <path>C:\ti\ccs1271\ccs\tools\compiler\ti-cgt-armllvm_3.2.2.LTS\lib\armv6m-ti-none-eabi\c\</path>
         <kind>archive</kind>
         <file>libc.a</file>
         <name>args_main.c.obj</name>
      </input_file>
      <input_file id="fl-90">
         <path>C:\ti\ccs1271\ccs\tools\compiler\ti-cgt-armllvm_3.2.2.LTS\lib\clang\15.0.7\lib\armv6m-ti-none-eabi\</path>
         <kind>archive</kind>
         <file>libclang_rt.builtins.a</file>
         <name>aeabi_memcpy.S.obj</name>
      </input_file>
      <input_file id="fl-91">
         <path>C:\ti\ccs1271\ccs\tools\compiler\ti-cgt-armllvm_3.2.2.LTS\lib\clang\15.0.7\lib\armv6m-ti-none-eabi\</path>
         <kind>archive</kind>
         <file>libclang_rt.builtins.a</file>
         <name>aeabi_memset.S.obj</name>
      </input_file>
      <input_file id="fl-92">
         <path>C:\ti\ccs1271\ccs\tools\compiler\ti-cgt-armllvm_3.2.2.LTS\lib\armv6m-ti-none-eabi\c\</path>
         <kind>archive</kind>
         <file>libc.a</file>
         <name>memcpy16.S.obj</name>
      </input_file>
      <input_file id="fl-93">
         <path>C:\ti\ccs1271\ccs\tools\compiler\ti-cgt-armllvm_3.2.2.LTS\lib\armv6m-ti-none-eabi\c\</path>
         <kind>archive</kind>
         <file>libc.a</file>
         <name>memset16.S.obj</name>
      </input_file>
   </input_file_list>
   <object_component_list>
      <object_component id="oc-18">
         <name>.intvecs</name>
         <load_address>0x0</load_address>
         <readonly>true</readonly>
         <run_address>0x0</run_address>
         <size>0xc0</size>
         <alignment>0x4</alignment>
         <input_file_ref idref="fl-3"/>
      </object_component>
      <object_component id="oc-63">
         <name>.text.main</name>
         <load_address>0xc0</load_address>
         <readonly>true</readonly>
         <executable>true</executable>
         <run_address>0xc0</run_address>
         <size>0xc8</size>
         <alignment>0x4</alignment>
         <input_file_ref idref="fl-1"/>
      </object_component>
      <object_component id="oc-78">
         <name>.text:memcpy</name>
         <load_address>0x188</load_address>
         <readonly>true</readonly>
         <executable>true</executable>
         <run_address>0x188</run_address>
         <size>0x9a</size>
         <alignment>0x1</alignment>
         <input_file_ref idref="fl-92"/>
      </object_component>
      <object_component id="oc-33">
         <name>.text.Default_Handler</name>
         <load_address>0x222</load_address>
         <readonly>true</readonly>
         <executable>true</executable>
         <run_address>0x222</run_address>
         <size>0x2</size>
         <alignment>0x2</alignment>
         <input_file_ref idref="fl-3"/>
      </object_component>
      <object_component id="oc-1c">
         <name>.text:decompress:lzss</name>
         <load_address>0x224</load_address>
         <readonly>true</readonly>
         <executable>true</executable>
         <run_address>0x224</run_address>
         <size>0x78</size>
         <alignment>0x4</alignment>
         <input_file_ref idref="fl-27"/>
      </object_component>
      <object_component id="oc-88">
         <name>.text:__TI_auto_init_nobinit_nopinit</name>
         <load_address>0x29c</load_address>
         <readonly>true</readonly>
         <executable>true</executable>
         <run_address>0x29c</run_address>
         <size>0x3c</size>
         <alignment>0x4</alignment>
         <input_file_ref idref="fl-22"/>
      </object_component>
      <object_component id="oc-4f">
         <name>.text:_c_int00_noargs</name>
         <load_address>0x2d8</load_address>
         <readonly>true</readonly>
         <executable>true</executable>
         <run_address>0x2d8</run_address>
         <size>0x28</size>
         <alignment>0x4</alignment>
         <input_file_ref idref="fl-20"/>
      </object_component>
      <object_component id="oc-7d">
         <name>.text.DL_Common_delayCycles</name>
         <load_address>0x300</load_address>
         <readonly>true</readonly>
         <executable>true</executable>
         <run_address>0x300</run_address>
         <size>0x14</size>
         <alignment>0x2</alignment>
         <input_file_ref idref="fl-11"/>
      </object_component>
      <object_component id="oc-20">
         <name>.text:decompress:none</name>
         <load_address>0x314</load_address>
         <readonly>true</readonly>
         <executable>true</executable>
         <run_address>0x314</run_address>
         <size>0x12</size>
         <alignment>0x2</alignment>
         <input_file_ref idref="fl-26"/>
      </object_component>
      <object_component id="oc-3f">
         <name>.text.__aeabi_memcpy</name>
         <load_address>0x328</load_address>
         <readonly>true</readonly>
         <executable>true</executable>
         <run_address>0x328</run_address>
         <size>0x8</size>
         <alignment>0x4</alignment>
         <input_file_ref idref="fl-90"/>
      </object_component>
      <object_component id="oc-2f">
         <name>.text.Reset_Handler</name>
         <load_address>0x330</load_address>
         <readonly>true</readonly>
         <executable>true</executable>
         <run_address>0x330</run_address>
         <size>0x4</size>
         <alignment>0x2</alignment>
         <input_file_ref idref="fl-3"/>
      </object_component>
      <object_component id="oc-5f">
         <name>.text._system_pre_init</name>
         <load_address>0x334</load_address>
         <readonly>true</readonly>
         <executable>true</executable>
         <run_address>0x334</run_address>
         <size>0x4</size>
         <alignment>0x2</alignment>
         <input_file_ref idref="fl-23"/>
      </object_component>
      <object_component id="oc-81">
         <name>.text:abort</name>
         <load_address>0x338</load_address>
         <readonly>true</readonly>
         <executable>true</executable>
         <run_address>0x338</run_address>
         <size>0x4</size>
         <alignment>0x2</alignment>
         <input_file_ref idref="fl-28"/>
      </object_component>
      <object_component id="oc-f8">
         <name>.cinit..data.load</name>
         <load_address>0x340</load_address>
         <readonly>true</readonly>
         <run_address>0x340</run_address>
         <size>0x8</size>
         <alignment>0x1</alignment>
      </object_component>
      <object_component id="oc-f6">
         <name>__TI_handler_table</name>
         <load_address>0x348</load_address>
         <readonly>true</readonly>
         <run_address>0x348</run_address>
         <size>0x8</size>
         <alignment>0x4</alignment>
      </object_component>
      <object_component id="oc-f7">
         <name>__TI_cinit_table</name>
         <load_address>0x350</load_address>
         <readonly>true</readonly>
         <run_address>0x350</run_address>
         <size>0x8</size>
         <alignment>0x4</alignment>
      </object_component>
      <object_component id="oc-c0">
         <name>.binit</name>
         <load_address>0x0</load_address>
         <readonly>true</readonly>
         <run_address>0x0</run_address>
         <size>0x0</size>
         <alignment>0x4</alignment>
      </object_component>
      <object_component id="oc-7e">
         <name>.data.GPIOB_cumstom</name>
         <load_address>0x20200000</load_address>
         <readwrite>true</readwrite>
         <run_address>0x20200000</run_address>
         <size>0x4</size>
         <alignment>0x4</alignment>
         <input_file_ref idref="fl-1"/>
      </object_component>
      <object_component id="oc-1a">
         <name>.stack</name>
         <uninitialized>true</uninitialized>
         <readwrite>true</readwrite>
         <run_address>0x20207e00</run_address>
         <size>0x4</size>
         <alignment>0x4</alignment>
         <input_file_ref idref="fl-20"/>
      </object_component>
      <object_component id="oc-fa">
         <name>.stack</name>
         <uninitialized>true</uninitialized>
         <readwrite>true</readwrite>
         <run_address>0x20207e00</run_address>
         <size>0x0</size>
         <alignment>0x8</alignment>
      </object_component>
      <object_component id="oc-68">
         <name>.debug_loc</name>
         <load_address>0x0</load_address>
         <run_address>0x0</run_address>
         <size>0x160</size>
         <alignment>0x1</alignment>
         <input_file_ref idref="fl-1"/>
      </object_component>
      <object_component id="oc-3a">
         <name>.debug_loc</name>
         <load_address>0x160</load_address>
         <run_address>0x160</run_address>
         <size>0xd8</size>
         <alignment>0x1</alignment>
         <input_file_ref idref="fl-20"/>
      </object_component>
      <object_component id="oc-8a">
         <name>.debug_loc</name>
         <load_address>0x238</load_address>
         <run_address>0x238</run_address>
         <size>0x480</size>
         <alignment>0x1</alignment>
         <input_file_ref idref="fl-22"/>
      </object_component>
      <object_component id="oc-45">
         <name>.debug_loc</name>
         <load_address>0x6b8</load_address>
         <run_address>0x6b8</run_address>
         <size>0x6f</size>
         <alignment>0x1</alignment>
         <input_file_ref idref="fl-26"/>
      </object_component>
      <object_component id="oc-3d">
         <name>.debug_loc</name>
         <load_address>0x727</load_address>
         <run_address>0x727</run_address>
         <size>0x166</size>
         <alignment>0x1</alignment>
         <input_file_ref idref="fl-27"/>
      </object_component>
      <object_component id="oc-87">
         <name>.debug_loc</name>
         <load_address>0x88d</load_address>
         <run_address>0x88d</run_address>
         <size>0x26</size>
         <alignment>0x1</alignment>
         <input_file_ref idref="fl-28"/>
      </object_component>
      <object_component id="oc-7f">
         <name>.debug_abbrev</name>
         <load_address>0x0</load_address>
         <run_address>0x0</run_address>
         <size>0x250</size>
         <alignment>0x1</alignment>
         <input_file_ref idref="fl-1"/>
      </object_component>
      <object_component id="oc-34">
         <name>.debug_abbrev</name>
         <load_address>0x250</load_address>
         <run_address>0x250</run_address>
         <size>0x6d</size>
         <alignment>0x1</alignment>
         <input_file_ref idref="fl-3"/>
      </object_component>
      <object_component id="oc-36">
         <name>.debug_abbrev</name>
         <load_address>0x2bd</load_address>
         <run_address>0x2bd</run_address>
         <size>0xaf</size>
         <alignment>0x1</alignment>
         <input_file_ref idref="fl-20"/>
      </object_component>
      <object_component id="oc-a7">
         <name>.debug_abbrev</name>
         <load_address>0x36c</load_address>
         <run_address>0x36c</run_address>
         <size>0x186</size>
         <alignment>0x1</alignment>
         <input_file_ref idref="fl-22"/>
      </object_component>
      <object_component id="oc-7b">
         <name>.debug_abbrev</name>
         <load_address>0x4f2</load_address>
         <run_address>0x4f2</run_address>
         <size>0x39</size>
         <alignment>0x1</alignment>
         <input_file_ref idref="fl-23"/>
      </object_component>
      <object_component id="oc-43">
         <name>.debug_abbrev</name>
         <load_address>0x52b</load_address>
         <run_address>0x52b</run_address>
         <size>0x70</size>
         <alignment>0x1</alignment>
         <input_file_ref idref="fl-26"/>
      </object_component>
      <object_component id="oc-3b">
         <name>.debug_abbrev</name>
         <load_address>0x59b</load_address>
         <run_address>0x59b</run_address>
         <size>0x8d</size>
         <alignment>0x1</alignment>
         <input_file_ref idref="fl-27"/>
      </object_component>
      <object_component id="oc-a1">
         <name>.debug_abbrev</name>
         <load_address>0x628</load_address>
         <run_address>0x628</run_address>
         <size>0xb3</size>
         <alignment>0x1</alignment>
         <input_file_ref idref="fl-28"/>
      </object_component>
      <object_component id="oc-57">
         <name>.debug_abbrev</name>
         <load_address>0x6db</load_address>
         <run_address>0x6db</run_address>
         <size>0x27</size>
         <alignment>0x1</alignment>
         <input_file_ref idref="fl-90"/>
      </object_component>
      <object_component id="oc-9a">
         <name>.debug_abbrev</name>
         <load_address>0x702</load_address>
         <run_address>0x702</run_address>
         <size>0x25</size>
         <alignment>0x1</alignment>
         <input_file_ref idref="fl-92"/>
      </object_component>
      <object_component id="oc-fc">
         <name>.debug_abbrev</name>
         <load_address>0x727</load_address>
         <run_address>0x727</run_address>
         <size>0xf</size>
         <alignment>0x0</alignment>
      </object_component>
      <object_component id="oc-65">
         <name>.debug_info</name>
         <load_address>0x0</load_address>
         <run_address>0x0</run_address>
         <size>0x2507</size>
         <alignment>0x1</alignment>
         <input_file_ref idref="fl-1"/>
      </object_component>
      <object_component id="oc-19">
         <name>.debug_info</name>
         <load_address>0x2507</load_address>
         <run_address>0x2507</run_address>
         <size>0x80</size>
         <alignment>0x1</alignment>
         <input_file_ref idref="fl-3"/>
      </object_component>
      <object_component id="oc-1b">
         <name>.debug_info</name>
         <load_address>0x2587</load_address>
         <run_address>0x2587</run_address>
         <size>0x423</size>
         <alignment>0x1</alignment>
         <input_file_ref idref="fl-20"/>
      </object_component>
      <object_component id="oc-8b">
         <name>.debug_info</name>
         <load_address>0x29aa</load_address>
         <run_address>0x29aa</run_address>
         <size>0x74a</size>
         <alignment>0x1</alignment>
         <input_file_ref idref="fl-22"/>
      </object_component>
      <object_component id="oc-62">
         <name>.debug_info</name>
         <load_address>0x30f4</load_address>
         <run_address>0x30f4</run_address>
         <size>0x46</size>
         <alignment>0x1</alignment>
         <input_file_ref idref="fl-23"/>
      </object_component>
      <object_component id="oc-21">
         <name>.debug_info</name>
         <load_address>0x313a</load_address>
         <run_address>0x313a</run_address>
         <size>0xc6</size>
         <alignment>0x1</alignment>
         <input_file_ref idref="fl-26"/>
      </object_component>
      <object_component id="oc-1d">
         <name>.debug_info</name>
         <load_address>0x3200</load_address>
         <run_address>0x3200</run_address>
         <size>0x180</size>
         <alignment>0x1</alignment>
         <input_file_ref idref="fl-27"/>
      </object_component>
      <object_component id="oc-82">
         <name>.debug_info</name>
         <load_address>0x3380</load_address>
         <run_address>0x3380</run_address>
         <size>0xed</size>
         <alignment>0x1</alignment>
         <input_file_ref idref="fl-28"/>
      </object_component>
      <object_component id="oc-40">
         <name>.debug_info</name>
         <load_address>0x346d</load_address>
         <run_address>0x346d</run_address>
         <size>0x19e</size>
         <alignment>0x1</alignment>
         <input_file_ref idref="fl-90"/>
      </object_component>
      <object_component id="oc-74">
         <name>.debug_info</name>
         <load_address>0x360b</load_address>
         <run_address>0x360b</run_address>
         <size>0x2fa</size>
         <alignment>0x1</alignment>
         <input_file_ref idref="fl-92"/>
      </object_component>
      <object_component id="oc-fb">
         <name>.debug_info</name>
         <load_address>0x3905</load_address>
         <run_address>0x3905</run_address>
         <size>0xa8</size>
         <alignment>0x0</alignment>
      </object_component>
      <object_component id="oc-66">
         <name>.debug_ranges</name>
         <load_address>0x0</load_address>
         <run_address>0x0</run_address>
         <size>0x40</size>
         <alignment>0x1</alignment>
         <input_file_ref idref="fl-1"/>
      </object_component>
      <object_component id="oc-31">
         <name>.debug_ranges</name>
         <load_address>0x40</load_address>
         <run_address>0x40</run_address>
         <size>0x18</size>
         <alignment>0x1</alignment>
         <input_file_ref idref="fl-3"/>
      </object_component>
      <object_component id="oc-39">
         <name>.debug_ranges</name>
         <load_address>0x58</load_address>
         <run_address>0x58</run_address>
         <size>0x48</size>
         <alignment>0x1</alignment>
         <input_file_ref idref="fl-20"/>
      </object_component>
      <object_component id="oc-8d">
         <name>.debug_ranges</name>
         <load_address>0xa0</load_address>
         <run_address>0xa0</run_address>
         <size>0xa8</size>
         <alignment>0x1</alignment>
         <input_file_ref idref="fl-22"/>
      </object_component>
      <object_component id="oc-3e">
         <name>.debug_ranges</name>
         <load_address>0x148</load_address>
         <run_address>0x148</run_address>
         <size>0x30</size>
         <alignment>0x1</alignment>
         <input_file_ref idref="fl-27"/>
      </object_component>
      <object_component id="oc-84">
         <name>.debug_ranges</name>
         <load_address>0x178</load_address>
         <run_address>0x178</run_address>
         <size>0x18</size>
         <alignment>0x1</alignment>
         <input_file_ref idref="fl-28"/>
      </object_component>
      <object_component id="oc-76">
         <name>.debug_ranges</name>
         <load_address>0x190</load_address>
         <run_address>0x190</run_address>
         <size>0x28</size>
         <alignment>0x1</alignment>
         <input_file_ref idref="fl-92"/>
      </object_component>
      <object_component id="oc-80">
         <name>.debug_str</name>
         <load_address>0x0</load_address>
         <run_address>0x0</run_address>
         <size>0x14c1</size>
         <alignment>0x1</alignment>
         <input_file_ref idref="fl-1"/>
      </object_component>
      <object_component id="oc-35">
         <name>.debug_str</name>
         <load_address>0x14c1</load_address>
         <run_address>0x14c1</run_address>
         <size>0x15f</size>
         <alignment>0x1</alignment>
         <input_file_ref idref="fl-3"/>
      </object_component>
      <object_component id="oc-37">
         <name>.debug_str</name>
         <load_address>0x1620</load_address>
         <run_address>0x1620</run_address>
         <size>0x225</size>
         <alignment>0x1</alignment>
         <input_file_ref idref="fl-20"/>
      </object_component>
      <object_component id="oc-a8">
         <name>.debug_str</name>
         <load_address>0x1845</load_address>
         <run_address>0x1845</run_address>
         <size>0x32f</size>
         <alignment>0x1</alignment>
         <input_file_ref idref="fl-22"/>
      </object_component>
      <object_component id="oc-7c">
         <name>.debug_str</name>
         <load_address>0x1b74</load_address>
         <run_address>0x1b74</run_address>
         <size>0xf5</size>
         <alignment>0x1</alignment>
         <input_file_ref idref="fl-23"/>
      </object_component>
      <object_component id="oc-44">
         <name>.debug_str</name>
         <load_address>0x1c69</load_address>
         <run_address>0x1c69</run_address>
         <size>0x168</size>
         <alignment>0x1</alignment>
         <input_file_ref idref="fl-26"/>
      </object_component>
      <object_component id="oc-3c">
         <name>.debug_str</name>
         <load_address>0x1dd1</load_address>
         <run_address>0x1dd1</run_address>
         <size>0x1d5</size>
         <alignment>0x1</alignment>
         <input_file_ref idref="fl-27"/>
      </object_component>
      <object_component id="oc-a2">
         <name>.debug_str</name>
         <load_address>0x1fa6</load_address>
         <run_address>0x1fa6</run_address>
         <size>0x13f</size>
         <alignment>0x1</alignment>
         <input_file_ref idref="fl-28"/>
      </object_component>
      <object_component id="oc-64">
         <name>.debug_frame</name>
         <load_address>0x0</load_address>
         <run_address>0x0</run_address>
         <size>0x94</size>
         <alignment>0x4</alignment>
         <input_file_ref idref="fl-1"/>
      </object_component>
      <object_component id="oc-30">
         <name>.debug_frame</name>
         <load_address>0x94</load_address>
         <run_address>0x94</run_address>
         <size>0x30</size>
         <alignment>0x4</alignment>
         <input_file_ref idref="fl-3"/>
      </object_component>
      <object_component id="oc-4e">
         <name>.debug_frame</name>
         <load_address>0xc4</load_address>
         <run_address>0xc4</run_address>
         <size>0x90</size>
         <alignment>0x4</alignment>
         <input_file_ref idref="fl-20"/>
      </object_component>
      <object_component id="oc-8c">
         <name>.debug_frame</name>
         <load_address>0x154</load_address>
         <run_address>0x154</run_address>
         <size>0x100</size>
         <alignment>0x4</alignment>
         <input_file_ref idref="fl-22"/>
      </object_component>
      <object_component id="oc-61">
         <name>.debug_frame</name>
         <load_address>0x254</load_address>
         <run_address>0x254</run_address>
         <size>0x20</size>
         <alignment>0x4</alignment>
         <input_file_ref idref="fl-23"/>
      </object_component>
      <object_component id="oc-22">
         <name>.debug_frame</name>
         <load_address>0x274</load_address>
         <run_address>0x274</run_address>
         <size>0x28</size>
         <alignment>0x4</alignment>
         <input_file_ref idref="fl-26"/>
      </object_component>
      <object_component id="oc-1e">
         <name>.debug_frame</name>
         <load_address>0x29c</load_address>
         <run_address>0x29c</run_address>
         <size>0x30</size>
         <alignment>0x4</alignment>
         <input_file_ref idref="fl-27"/>
      </object_component>
      <object_component id="oc-83">
         <name>.debug_frame</name>
         <load_address>0x2cc</load_address>
         <run_address>0x2cc</run_address>
         <size>0x30</size>
         <alignment>0x4</alignment>
         <input_file_ref idref="fl-28"/>
      </object_component>
      <object_component id="oc-67">
         <name>.debug_line</name>
         <load_address>0x0</load_address>
         <run_address>0x0</run_address>
         <size>0x52e</size>
         <alignment>0x1</alignment>
         <input_file_ref idref="fl-1"/>
      </object_component>
      <object_component id="oc-32">
         <name>.debug_line</name>
         <load_address>0x52e</load_address>
         <run_address>0x52e</run_address>
         <size>0xba</size>
         <alignment>0x1</alignment>
         <input_file_ref idref="fl-3"/>
      </object_component>
      <object_component id="oc-38">
         <name>.debug_line</name>
         <load_address>0x5e8</load_address>
         <run_address>0x5e8</run_address>
         <size>0x1fe</size>
         <alignment>0x1</alignment>
         <input_file_ref idref="fl-20"/>
      </object_component>
      <object_component id="oc-89">
         <name>.debug_line</name>
         <load_address>0x7e6</load_address>
         <run_address>0x7e6</run_address>
         <size>0x4fb</size>
         <alignment>0x1</alignment>
         <input_file_ref idref="fl-22"/>
      </object_component>
      <object_component id="oc-60">
         <name>.debug_line</name>
         <load_address>0xce1</load_address>
         <run_address>0xce1</run_address>
         <size>0x3e</size>
         <alignment>0x1</alignment>
         <input_file_ref idref="fl-23"/>
      </object_component>
      <object_component id="oc-23">
         <name>.debug_line</name>
         <load_address>0xd1f</load_address>
         <run_address>0xd1f</run_address>
         <size>0xbf</size>
         <alignment>0x1</alignment>
         <input_file_ref idref="fl-26"/>
      </object_component>
      <object_component id="oc-1f">
         <name>.debug_line</name>
         <load_address>0xdde</load_address>
         <run_address>0xdde</run_address>
         <size>0x1c7</size>
         <alignment>0x1</alignment>
         <input_file_ref idref="fl-27"/>
      </object_component>
      <object_component id="oc-85">
         <name>.debug_line</name>
         <load_address>0xfa5</load_address>
         <run_address>0xfa5</run_address>
         <size>0x6b</size>
         <alignment>0x1</alignment>
         <input_file_ref idref="fl-28"/>
      </object_component>
      <object_component id="oc-42">
         <name>.debug_line</name>
         <load_address>0x1010</load_address>
         <run_address>0x1010</run_address>
         <size>0xa4</size>
         <alignment>0x1</alignment>
         <input_file_ref idref="fl-90"/>
      </object_component>
      <object_component id="oc-77">
         <name>.debug_line</name>
         <load_address>0x10b4</load_address>
         <run_address>0x10b4</run_address>
         <size>0xa0</size>
         <alignment>0x1</alignment>
         <input_file_ref idref="fl-92"/>
      </object_component>
      <object_component id="oc-41">
         <name>.debug_aranges</name>
         <load_address>0x0</load_address>
         <run_address>0x0</run_address>
         <size>0x20</size>
         <alignment>0x1</alignment>
         <input_file_ref idref="fl-90"/>
      </object_component>
      <object_component id="oc-75">
         <name>.debug_aranges</name>
         <load_address>0x20</load_address>
         <run_address>0x20</run_address>
         <size>0x28</size>
         <alignment>0x1</alignment>
         <input_file_ref idref="fl-92"/>
      </object_component>
   </object_component_list>
   <logical_group_list>
      <logical_group id="lg-2" display="no" color="cyan">
         <name>.intvecs</name>
         <load_address>0x0</load_address>
         <run_address>0x0</run_address>
         <size>0xc0</size>
         <contents>
            <object_component_ref idref="oc-18"/>
         </contents>
      </logical_group>
      <logical_group id="lg-3" display="no" color="cyan">
         <name>.text</name>
         <load_address>0xc0</load_address>
         <run_address>0xc0</run_address>
         <size>0x280</size>
         <contents>
            <object_component_ref idref="oc-63"/>
            <object_component_ref idref="oc-78"/>
            <object_component_ref idref="oc-33"/>
            <object_component_ref idref="oc-1c"/>
            <object_component_ref idref="oc-88"/>
            <object_component_ref idref="oc-4f"/>
            <object_component_ref idref="oc-7d"/>
            <object_component_ref idref="oc-20"/>
            <object_component_ref idref="oc-3f"/>
            <object_component_ref idref="oc-2f"/>
            <object_component_ref idref="oc-5f"/>
            <object_component_ref idref="oc-81"/>
         </contents>
      </logical_group>
      <logical_group id="lg-4" display="no" color="cyan">
         <name>.const</name>
         <run_address>0x0</run_address>
         <size>0x0</size>
         <contents>
         </contents>
      </logical_group>
      <logical_group id="lg-5" display="no" color="cyan">
         <name>.cinit</name>
         <load_address>0x340</load_address>
         <run_address>0x340</run_address>
         <size>0x18</size>
         <contents>
            <object_component_ref idref="oc-f8"/>
            <object_component_ref idref="oc-f6"/>
            <object_component_ref idref="oc-f7"/>
         </contents>
      </logical_group>
      <logical_group id="lg-6" display="no" color="cyan">
         <name>.pinit</name>
         <run_address>0x0</run_address>
         <size>0x0</size>
         <contents>
         </contents>
      </logical_group>
      <logical_group id="lg-7" display="no" color="cyan">
         <name>.rodata</name>
         <run_address>0x0</run_address>
         <size>0x0</size>
         <contents>
         </contents>
      </logical_group>
      <logical_group id="lg-8" display="no" color="cyan">
         <name>.ARM.exidx</name>
         <run_address>0x0</run_address>
         <size>0x0</size>
         <contents>
         </contents>
      </logical_group>
      <logical_group id="lg-9" display="no" color="cyan">
         <name>.init_array</name>
         <run_address>0x0</run_address>
         <size>0x0</size>
         <contents>
         </contents>
      </logical_group>
      <logical_group id="lg-a" display="no" color="cyan">
         <name>.binit</name>
         <load_address>0x0</load_address>
         <run_address>0x0</run_address>
         <size>0x0</size>
         <contents>
            <object_component_ref idref="oc-c0"/>
         </contents>
      </logical_group>
      <logical_group id="lg-b" display="no" color="cyan">
         <name>.TI.ramfunc</name>
         <run_address>0x0</run_address>
         <size>0x0</size>
         <contents>
         </contents>
      </logical_group>
      <logical_group id="lg-c" display="no" color="cyan">
         <name>.vtable</name>
         <run_address>0x0</run_address>
         <size>0x0</size>
         <contents>
         </contents>
      </logical_group>
      <logical_group id="lg-d" display="no" color="cyan">
         <name>.args</name>
         <run_address>0x0</run_address>
         <size>0x0</size>
         <contents>
         </contents>
      </logical_group>
      <logical_group id="lg-e" display="no" color="cyan">
         <name>.data</name>
         <run_address>0x20200000</run_address>
         <size>0x4</size>
         <contents>
            <object_component_ref idref="oc-7e"/>
         </contents>
      </logical_group>
      <logical_group id="lg-f" display="no" color="cyan">
         <name>.bss</name>
         <run_address>0x0</run_address>
         <size>0x0</size>
         <contents>
         </contents>
      </logical_group>
      <logical_group id="lg-10" display="no" color="cyan">
         <name>.sysmem</name>
         <run_address>0x0</run_address>
         <size>0x0</size>
         <contents>
         </contents>
      </logical_group>
      <logical_group id="lg-11" display="no" color="cyan">
         <name>.stack</name>
         <run_address>0x20207e00</run_address>
         <size>0x200</size>
         <contents>
            <object_component_ref idref="oc-1a"/>
            <object_component_ref idref="oc-fa"/>
         </contents>
      </logical_group>
      <logical_group id="lg-12" display="no" color="cyan">
         <name>.BCRConfig</name>
         <run_address>0x0</run_address>
         <size>0x0</size>
         <contents>
         </contents>
      </logical_group>
      <logical_group id="lg-13" display="no" color="cyan">
         <name>.BSLConfig</name>
         <run_address>0x0</run_address>
         <size>0x0</size>
         <contents>
         </contents>
      </logical_group>
      <logical_group id="lg-b7" display="no" color="cyan">
         <name>.TI.noinit</name>
         <run_address>0x0</run_address>
         <size>0x0</size>
         <contents>
         </contents>
      </logical_group>
      <logical_group id="lg-b8" display="no" color="cyan">
         <name>.TI.persistent</name>
         <run_address>0x0</run_address>
         <size>0x0</size>
         <contents>
         </contents>
      </logical_group>
      <logical_group id="lg-b9" display="no" color="cyan">
         <name>.TI.local</name>
         <run_address>0x0</run_address>
         <size>0x0</size>
         <contents>
         </contents>
      </logical_group>
      <logical_group id="lg-ba" display="no" color="cyan">
         <name>.TI.onchip</name>
         <run_address>0x0</run_address>
         <size>0x0</size>
         <contents>
         </contents>
      </logical_group>
      <logical_group id="lg-bb" display="no" color="cyan">
         <name>.TI.offchip</name>
         <run_address>0x0</run_address>
         <size>0x0</size>
         <contents>
         </contents>
      </logical_group>
      <logical_group id="lg-bc" display="no" color="cyan">
         <name>__llvm_prf_cnts</name>
         <run_address>0x20200000</run_address>
         <size>0x0</size>
         <contents>
         </contents>
      </logical_group>
      <logical_group id="lg-be" display="no" color="cyan">
         <name>__llvm_prf_bits</name>
         <run_address>0x20200000</run_address>
         <size>0x0</size>
         <contents>
         </contents>
      </logical_group>
      <logical_group id="lg-da" display="never" color="cyan">
         <name>.debug_loc</name>
         <load_address>0x0</load_address>
         <run_address>0x0</run_address>
         <size>0x8b3</size>
         <contents>
            <object_component_ref idref="oc-68"/>
            <object_component_ref idref="oc-3a"/>
            <object_component_ref idref="oc-8a"/>
            <object_component_ref idref="oc-45"/>
            <object_component_ref idref="oc-3d"/>
            <object_component_ref idref="oc-87"/>
         </contents>
      </logical_group>
      <logical_group id="lg-dc" display="never" color="cyan">
         <name>.debug_abbrev</name>
         <load_address>0x0</load_address>
         <run_address>0x0</run_address>
         <size>0x736</size>
         <contents>
            <object_component_ref idref="oc-7f"/>
            <object_component_ref idref="oc-34"/>
            <object_component_ref idref="oc-36"/>
            <object_component_ref idref="oc-a7"/>
            <object_component_ref idref="oc-7b"/>
            <object_component_ref idref="oc-43"/>
            <object_component_ref idref="oc-3b"/>
            <object_component_ref idref="oc-a1"/>
            <object_component_ref idref="oc-57"/>
            <object_component_ref idref="oc-9a"/>
            <object_component_ref idref="oc-fc"/>
         </contents>
      </logical_group>
      <logical_group id="lg-de" display="never" color="cyan">
         <name>.debug_info</name>
         <load_address>0x0</load_address>
         <run_address>0x0</run_address>
         <size>0x39ad</size>
         <contents>
            <object_component_ref idref="oc-65"/>
            <object_component_ref idref="oc-19"/>
            <object_component_ref idref="oc-1b"/>
            <object_component_ref idref="oc-8b"/>
            <object_component_ref idref="oc-62"/>
            <object_component_ref idref="oc-21"/>
            <object_component_ref idref="oc-1d"/>
            <object_component_ref idref="oc-82"/>
            <object_component_ref idref="oc-40"/>
            <object_component_ref idref="oc-74"/>
            <object_component_ref idref="oc-fb"/>
         </contents>
      </logical_group>
      <logical_group id="lg-e0" display="never" color="cyan">
         <name>.debug_ranges</name>
         <load_address>0x0</load_address>
         <run_address>0x0</run_address>
         <size>0x1b8</size>
         <contents>
            <object_component_ref idref="oc-66"/>
            <object_component_ref idref="oc-31"/>
            <object_component_ref idref="oc-39"/>
            <object_component_ref idref="oc-8d"/>
            <object_component_ref idref="oc-3e"/>
            <object_component_ref idref="oc-84"/>
            <object_component_ref idref="oc-76"/>
         </contents>
      </logical_group>
      <logical_group id="lg-e2" display="never" color="cyan">
         <name>.debug_str</name>
         <load_address>0x0</load_address>
         <run_address>0x0</run_address>
         <size>0x20e5</size>
         <contents>
            <object_component_ref idref="oc-80"/>
            <object_component_ref idref="oc-35"/>
            <object_component_ref idref="oc-37"/>
            <object_component_ref idref="oc-a8"/>
            <object_component_ref idref="oc-7c"/>
            <object_component_ref idref="oc-44"/>
            <object_component_ref idref="oc-3c"/>
            <object_component_ref idref="oc-a2"/>
         </contents>
      </logical_group>
      <logical_group id="lg-e4" display="never" color="cyan">
         <name>.debug_frame</name>
         <load_address>0x0</load_address>
         <run_address>0x0</run_address>
         <size>0x2fc</size>
         <contents>
            <object_component_ref idref="oc-64"/>
            <object_component_ref idref="oc-30"/>
            <object_component_ref idref="oc-4e"/>
            <object_component_ref idref="oc-8c"/>
            <object_component_ref idref="oc-61"/>
            <object_component_ref idref="oc-22"/>
            <object_component_ref idref="oc-1e"/>
            <object_component_ref idref="oc-83"/>
         </contents>
      </logical_group>
      <logical_group id="lg-e6" display="never" color="cyan">
         <name>.debug_line</name>
         <load_address>0x0</load_address>
         <run_address>0x0</run_address>
         <size>0x1154</size>
         <contents>
            <object_component_ref idref="oc-67"/>
            <object_component_ref idref="oc-32"/>
            <object_component_ref idref="oc-38"/>
            <object_component_ref idref="oc-89"/>
            <object_component_ref idref="oc-60"/>
            <object_component_ref idref="oc-23"/>
            <object_component_ref idref="oc-1f"/>
            <object_component_ref idref="oc-85"/>
            <object_component_ref idref="oc-42"/>
            <object_component_ref idref="oc-77"/>
         </contents>
      </logical_group>
      <logical_group id="lg-f0" display="never" color="cyan">
         <name>.debug_aranges</name>
         <load_address>0x0</load_address>
         <run_address>0x0</run_address>
         <size>0x48</size>
         <contents>
            <object_component_ref idref="oc-41"/>
            <object_component_ref idref="oc-75"/>
         </contents>
      </logical_group>
      <logical_group id="lg-f9" display="no" color="cyan">
         <name>Veneer$$CMSE</name>
         <run_address>0x0</run_address>
         <size>0x0</size>
         <contents>
         </contents>
      </logical_group>
      <load_segment id="lg-ff" display="no" color="cyan">
         <name>SEGMENT_0</name>
         <load_address>0x0</load_address>
         <run_address>0x0</run_address>
         <size>0x358</size>
         <flags>0x5</flags>
         <contents>
            <logical_group_ref idref="lg-2"/>
            <logical_group_ref idref="lg-3"/>
            <logical_group_ref idref="lg-5"/>
         </contents>
      </load_segment>
      <load_segment id="lg-100" display="no" color="cyan">
         <name>SEGMENT_1</name>
         <run_address>0x20200000</run_address>
         <size>0x4</size>
         <flags>0x6</flags>
         <contents>
            <logical_group_ref idref="lg-e"/>
         </contents>
      </load_segment>
      <load_segment id="lg-101" display="no" color="cyan">
         <name>SEGMENT_2</name>
         <run_address>0x20207e00</run_address>
         <size>0x200</size>
         <flags>0x6</flags>
         <contents>
            <logical_group_ref idref="lg-11"/>
         </contents>
      </load_segment>
   </logical_group_list>
   <placement_map>
      <memory_area display="yes" color="green">
         <name>FLASH</name>
         <page_id>0x0</page_id>
         <origin>0x0</origin>
         <length>0x20000</length>
         <used_space>0x358</used_space>
         <unused_space>0x1fca8</unused_space>
         <attributes>RX</attributes>
         <usage_details>
            <allocated_space>
               <start_address>0x0</start_address>
               <size>0x0</size>
               <logical_group_ref idref="lg-a"/>
            </allocated_space>
            <allocated_space>
               <start_address>0x0</start_address>
               <size>0xc0</size>
               <logical_group_ref idref="lg-2"/>
            </allocated_space>
            <allocated_space>
               <start_address>0xc0</start_address>
               <size>0x280</size>
               <logical_group_ref idref="lg-3"/>
            </allocated_space>
            <allocated_space>
               <start_address>0x340</start_address>
               <size>0x18</size>
               <logical_group_ref idref="lg-5"/>
            </allocated_space>
            <available_space>
               <start_address>0x358</start_address>
               <size>0x1fca8</size>
            </available_space>
         </usage_details>
      </memory_area>
      <memory_area display="yes" color="green">
         <name>SRAM</name>
         <page_id>0x0</page_id>
         <origin>0x20200000</origin>
         <length>0x8000</length>
         <used_space>0x204</used_space>
         <unused_space>0x7dfc</unused_space>
         <attributes>RWX</attributes>
         <usage_details>
            <allocated_space>
               <start_address>0x20200000</start_address>
               <size>0x0</size>
               <logical_group_ref idref="lg-bc"/>
            </allocated_space>
            <allocated_space>
               <start_address>0x20200000</start_address>
               <size>0x0</size>
               <logical_group_ref idref="lg-be"/>
            </allocated_space>
            <allocated_space>
               <start_address>0x20200000</start_address>
               <size>0x4</size>
               <logical_group_ref idref="lg-e"/>
            </allocated_space>
            <available_space>
               <start_address>0x20200004</start_address>
               <size>0x7dfc</size>
            </available_space>
            <allocated_space>
               <start_address>0x20207e00</start_address>
               <size>0x200</size>
               <logical_group_ref idref="lg-11"/>
            </allocated_space>
         </usage_details>
      </memory_area>
      <memory_area display="yes" color="green">
         <name>BCR_CONFIG</name>
         <page_id>0x0</page_id>
         <origin>0x41c00000</origin>
         <length>0x80</length>
         <used_space>0x0</used_space>
         <unused_space>0x80</unused_space>
         <attributes>R</attributes>
         <usage_details>
         </usage_details>
      </memory_area>
      <memory_area display="yes" color="green">
         <name>BSL_CONFIG</name>
         <page_id>0x0</page_id>
         <origin>0x41c00100</origin>
         <length>0x80</length>
         <used_space>0x0</used_space>
         <unused_space>0x80</unused_space>
         <attributes>R</attributes>
         <usage_details>
         </usage_details>
      </memory_area>
   </placement_map>
   <cptbl_list>
      <cptbl>
         <name>__TI_cinit_table</name>
         <cprec>
            <name>.data</name>
            <load_address>0x340</load_address>
            <load_size>0x8</load_size>
            <run_address>0x20200000</run_address>
            <run_size>0x4</run_size>
            <compression>lzss</compression>
         </cprec>
      </cptbl>
   </cptbl_list>
   <handler_table>
      <handler_table_name>__TI_handler_table</handler_table_name>
      <handler>
         <index>0x0</index>
         <name>__TI_decompress_lzss</name>
      </handler>
      <handler>
         <index>0x1</index>
         <name>__TI_decompress_none</name>
      </handler>
   </handler_table>
   <symbol_table>
      <symbol id="sm-1">
         <name>__start___llvm_prf_cnts</name>
         <value>0x20200000</value>
      </symbol>
      <symbol id="sm-2">
         <name>__stop___llvm_prf_cnts</name>
         <value>0x20200000</value>
      </symbol>
      <symbol id="sm-3">
         <name>__start___llvm_prf_bits</name>
         <value>0x20200000</value>
      </symbol>
      <symbol id="sm-4">
         <name>__stop___llvm_prf_bits</name>
         <value>0x20200000</value>
      </symbol>
      <symbol id="sm-5">
         <name>__TI_CINIT_Base</name>
         <value>0x350</value>
      </symbol>
      <symbol id="sm-6">
         <name>__TI_CINIT_Limit</name>
         <value>0x358</value>
      </symbol>
      <symbol id="sm-7">
         <name>__TI_CINIT_Warm</name>
         <value>0x358</value>
      </symbol>
      <symbol id="sm-8">
         <name>__TI_Handler_Table_Base</name>
         <value>0x348</value>
      </symbol>
      <symbol id="sm-9">
         <name>__TI_Handler_Table_Limit</name>
         <value>0x350</value>
      </symbol>
      <symbol id="sm-a">
         <name>binit</name>
         <value>0xffffffff</value>
      </symbol>
      <symbol id="sm-b">
         <name>__binit__</name>
         <value>0xffffffff</value>
      </symbol>
      <symbol id="sm-c">
         <name>__STACK_SIZE</name>
         <value>0x200</value>
      </symbol>
      <symbol id="sm-d">
         <name>__STACK_END</name>
         <value>0x20208000</value>
      </symbol>
      <symbol id="sm-e">
         <name>__TI_pprof_out_hndl</name>
         <value>0xffffffff</value>
      </symbol>
      <symbol id="sm-f">
         <name>__TI_prof_data_start</name>
         <value>0xffffffff</value>
      </symbol>
      <symbol id="sm-10">
         <name>__TI_prof_data_size</name>
         <value>0xffffffff</value>
      </symbol>
      <symbol id="sm-3d">
         <name>main</name>
         <value>0xc1</value>
         <object_component_ref idref="oc-63"/>
      </symbol>
      <symbol id="sm-3e">
         <name>GPIOB_cumstom</name>
         <value>0x20200000</value>
         <object_component_ref idref="oc-7e"/>
      </symbol>
      <symbol id="sm-4a">
         <name>Default_Handler</name>
         <value>0x223</value>
         <object_component_ref idref="oc-33"/>
      </symbol>
      <symbol id="sm-4b">
         <name>Reset_Handler</name>
         <value>0x331</value>
         <object_component_ref idref="oc-2f"/>
      </symbol>
      <symbol id="sm-4c">
         <name>interruptVectors</name>
         <value>0x0</value>
         <object_component_ref idref="oc-18"/>
      </symbol>
      <symbol id="sm-4d">
         <name>NMI_Handler</name>
         <value>0x223</value>
         <object_component_ref idref="oc-33"/>
      </symbol>
      <symbol id="sm-4e">
         <name>HardFault_Handler</name>
         <value>0x223</value>
         <object_component_ref idref="oc-33"/>
      </symbol>
      <symbol id="sm-4f">
         <name>SVC_Handler</name>
         <value>0x223</value>
         <object_component_ref idref="oc-33"/>
      </symbol>
      <symbol id="sm-50">
         <name>PendSV_Handler</name>
         <value>0x223</value>
         <object_component_ref idref="oc-33"/>
      </symbol>
      <symbol id="sm-51">
         <name>SysTick_Handler</name>
         <value>0x223</value>
         <object_component_ref idref="oc-33"/>
      </symbol>
      <symbol id="sm-52">
         <name>GROUP0_IRQHandler</name>
         <value>0x223</value>
         <object_component_ref idref="oc-33"/>
      </symbol>
      <symbol id="sm-53">
         <name>GROUP1_IRQHandler</name>
         <value>0x223</value>
         <object_component_ref idref="oc-33"/>
      </symbol>
      <symbol id="sm-54">
         <name>TIMG8_IRQHandler</name>
         <value>0x223</value>
         <object_component_ref idref="oc-33"/>
      </symbol>
      <symbol id="sm-55">
         <name>UART3_IRQHandler</name>
         <value>0x223</value>
         <object_component_ref idref="oc-33"/>
      </symbol>
      <symbol id="sm-56">
         <name>ADC0_IRQHandler</name>
         <value>0x223</value>
         <object_component_ref idref="oc-33"/>
      </symbol>
      <symbol id="sm-57">
         <name>ADC1_IRQHandler</name>
         <value>0x223</value>
         <object_component_ref idref="oc-33"/>
      </symbol>
      <symbol id="sm-58">
         <name>CANFD0_IRQHandler</name>
         <value>0x223</value>
         <object_component_ref idref="oc-33"/>
      </symbol>
      <symbol id="sm-59">
         <name>DAC0_IRQHandler</name>
         <value>0x223</value>
         <object_component_ref idref="oc-33"/>
      </symbol>
      <symbol id="sm-5a">
         <name>SPI0_IRQHandler</name>
         <value>0x223</value>
         <object_component_ref idref="oc-33"/>
      </symbol>
      <symbol id="sm-5b">
         <name>SPI1_IRQHandler</name>
         <value>0x223</value>
         <object_component_ref idref="oc-33"/>
      </symbol>
      <symbol id="sm-5c">
         <name>UART1_IRQHandler</name>
         <value>0x223</value>
         <object_component_ref idref="oc-33"/>
      </symbol>
      <symbol id="sm-5d">
         <name>UART2_IRQHandler</name>
         <value>0x223</value>
         <object_component_ref idref="oc-33"/>
      </symbol>
      <symbol id="sm-5e">
         <name>UART0_IRQHandler</name>
         <value>0x223</value>
         <object_component_ref idref="oc-33"/>
      </symbol>
      <symbol id="sm-5f">
         <name>TIMG0_IRQHandler</name>
         <value>0x223</value>
         <object_component_ref idref="oc-33"/>
      </symbol>
      <symbol id="sm-60">
         <name>TIMG6_IRQHandler</name>
         <value>0x223</value>
         <object_component_ref idref="oc-33"/>
      </symbol>
      <symbol id="sm-61">
         <name>TIMA0_IRQHandler</name>
         <value>0x223</value>
         <object_component_ref idref="oc-33"/>
      </symbol>
      <symbol id="sm-62">
         <name>TIMA1_IRQHandler</name>
         <value>0x223</value>
         <object_component_ref idref="oc-33"/>
      </symbol>
      <symbol id="sm-63">
         <name>TIMG7_IRQHandler</name>
         <value>0x223</value>
         <object_component_ref idref="oc-33"/>
      </symbol>
      <symbol id="sm-64">
         <name>TIMG12_IRQHandler</name>
         <value>0x223</value>
         <object_component_ref idref="oc-33"/>
      </symbol>
      <symbol id="sm-65">
         <name>I2C0_IRQHandler</name>
         <value>0x223</value>
         <object_component_ref idref="oc-33"/>
      </symbol>
      <symbol id="sm-66">
         <name>I2C1_IRQHandler</name>
         <value>0x223</value>
         <object_component_ref idref="oc-33"/>
      </symbol>
      <symbol id="sm-67">
         <name>AES_IRQHandler</name>
         <value>0x223</value>
         <object_component_ref idref="oc-33"/>
      </symbol>
      <symbol id="sm-68">
         <name>RTC_IRQHandler</name>
         <value>0x223</value>
         <object_component_ref idref="oc-33"/>
      </symbol>
      <symbol id="sm-69">
         <name>DMA_IRQHandler</name>
         <value>0x223</value>
         <object_component_ref idref="oc-33"/>
      </symbol>
      <symbol id="sm-6a">
         <name>__TI_ATRegion0_src_addr</name>
         <value>0x0</value>
      </symbol>
      <symbol id="sm-6b">
         <name>__TI_ATRegion0_trg_addr</name>
         <value>0x0</value>
      </symbol>
      <symbol id="sm-6c">
         <name>__TI_ATRegion0_region_sz</name>
         <value>0x0</value>
      </symbol>
      <symbol id="sm-6d">
         <name>__TI_ATRegion1_src_addr</name>
         <value>0x0</value>
      </symbol>
      <symbol id="sm-6e">
         <name>__TI_ATRegion1_trg_addr</name>
         <value>0x0</value>
      </symbol>
      <symbol id="sm-6f">
         <name>__TI_ATRegion1_region_sz</name>
         <value>0x0</value>
      </symbol>
      <symbol id="sm-70">
         <name>__TI_ATRegion2_src_addr</name>
         <value>0x0</value>
      </symbol>
      <symbol id="sm-71">
         <name>__TI_ATRegion2_trg_addr</name>
         <value>0x0</value>
      </symbol>
      <symbol id="sm-72">
         <name>__TI_ATRegion2_region_sz</name>
         <value>0x0</value>
      </symbol>
      <symbol id="sm-75">
         <name>DL_Common_delayCycles</name>
         <value>0x301</value>
         <object_component_ref idref="oc-7d"/>
      </symbol>
      <symbol id="sm-80">
         <name>_c_int00_noargs</name>
         <value>0x2d9</value>
         <object_component_ref idref="oc-4f"/>
      </symbol>
      <symbol id="sm-81">
         <name>__stack</name>
         <value>0x20207e00</value>
         <object_component_ref idref="oc-1a"/>
      </symbol>
      <symbol id="sm-8d">
         <name>__TI_auto_init_nobinit_nopinit</name>
         <value>0x29d</value>
         <object_component_ref idref="oc-88"/>
      </symbol>
      <symbol id="sm-95">
         <name>_system_pre_init</name>
         <value>0x335</value>
         <object_component_ref idref="oc-5f"/>
      </symbol>
      <symbol id="sm-a0">
         <name>__TI_decompress_none</name>
         <value>0x315</value>
         <object_component_ref idref="oc-20"/>
      </symbol>
      <symbol id="sm-ab">
         <name>__TI_decompress_lzss</name>
         <value>0x225</value>
         <object_component_ref idref="oc-1c"/>
      </symbol>
      <symbol id="sm-b5">
         <name>abort</name>
         <value>0x339</value>
         <object_component_ref idref="oc-81"/>
      </symbol>
      <symbol id="sm-b6">
         <name>C$$EXIT</name>
         <value>0x338</value>
         <object_component_ref idref="oc-81"/>
      </symbol>
      <symbol id="sm-be">
         <name>__aeabi_memcpy</name>
         <value>0x329</value>
         <object_component_ref idref="oc-3f"/>
      </symbol>
      <symbol id="sm-bf">
         <name>__aeabi_memcpy4</name>
         <value>0x329</value>
         <object_component_ref idref="oc-3f"/>
      </symbol>
      <symbol id="sm-c0">
         <name>__aeabi_memcpy8</name>
         <value>0x329</value>
         <object_component_ref idref="oc-3f"/>
      </symbol>
      <symbol id="sm-d9">
         <name>memcpy</name>
         <value>0x189</value>
         <object_component_ref idref="oc-78"/>
      </symbol>
      <symbol id="sm-da">
         <name>__TI_static_base__</name>
         <value>0x0</value>
      </symbol>
      <symbol id="sm-dd">
         <name>__mpu_init</name>
         <value>0x0</value>
      </symbol>
      <symbol id="sm-de">
         <name>_system_post_cinit</name>
         <value>0x0</value>
      </symbol>
   </symbol_table>
   <title>Link successful</title>
</link_info>
